InputStoryid	story	rightanswer	wronganswer	cogcomp	jonbean	lizhongyang	mflor	msap	niko	rocnlp	roemmele	sjtuadapt	tbmihaylov	teampg	teamukp
a0769cd4-45a0-492c-a566-b14b9b17cba6	Ivy wanted a cell phone like all her friends. She saved up her money from delivering papers. Soon she had enough for a phone. She went shopping and selected the perfect phone.	She loved her new phone.	Amy spent all of her money on clothes.	1	1	1	1	1	1	1	1	1	1	1	1
d8079c78-7eda-4006-a7f5-993cc1456bcb	Miles was a roofer. He loved his job and was very good at it. However, one day he was not paying attention and fell off the roof. Luckily, he only broke his leg.	Miles decided that he needed to be more careful.	Miles got up and walked away.	1	1	1	1	1	1	1	1	1	1	1	1
606f2a0b-3565-4cf8-8b95-efc4196a5ef3	I was at the bar with some friends. It was my turn to buy a round. I went up to the bartender and asked him for 13 beers and a shot. He asked for my card and took my order.	He filled my order.	He told me to go to hell.	1	1	1	1	1	1	1	1	1	1	1	1
4970b8a1-f2b4-4cfd-85d0-0e93edbd86f7	Beth and Carol went out for Chinese. After dinner Beth opened up her fortune cookie. Beth was anticipating good fortune for the rest of the week. Beth called her later in the week to give her good news.	Beth had just won the lottery!	Beth's dog had been hit by a car!	1	1	1	1	1	1	1	1	1	1	1	1
7ac29522-a873-4083-832c-cf8fbbf3d1dd	Kara lost her dog yesterday. She freaked out. Frantic, Kara looked all over town for it. Finally she found the dog in her neighbor's yard.	Kara asked the neighbors not to put out dog treats in their yard.	Kara bought a pet cat and dyed it pink.	1	1	1	1	1	1	1	1	1	1	1	1
b58034b4-b513-4b73-86e5-57755b8fc4d2	Tim loved to swim with tuna deep in the ocean. He would never hurt or try to catch them. One day a fishing boat came to the home of the tuna. Tim tried to dive down the next day with the tuna.	He couldn't find the tuna.	He didn't look for the tuna.	1	1	1	1	1	1	1	1	1	1	1	1
65afbe34-fc9d-4834-88b0-64e40acf5a6e	Ellie watched the merry go round. She couldn't decide which animal to ride. There was a pink horse or a blue bunny. So she got on it twice.	Each time she rode a different animal making her happy.	Ellie cried both times because she didn't want to ride the ride.	1	1	1	1	1	1	1	1	1	1	1	1
71fbcabb-27b4-4449-a161-a8af8e3d4d8f	Maggie has a dog. She takes her dog for walks. They go to the park and play. When they come home Maggie feeds her dog.	Maggie and her dog are best friends.	Maggie hates to spend time with her smelly dog.	1	1	1	1	1	1	1	1	1	1	1	1
3f01b38e-acfc-4869-81ff-72aacca3364f	Today was the first day of fasting. I was in a bad mood since I couldn't eat anything. I tried to go to sleep however, it didn't go well. My friends offered food to me.	I gave in and accepted the food since I was hungry.	I did not find the food tempting at all.	1	1	1	1	1	1	1	1	1	1	1	1
76034386-c725-4321-9ce2-1e03d66240c6	I had always wanted to make a masterpiece. One day while drinking tea, I had an idea. I went to my computer to begin sketching. The idea came together for a great painting.	I made the painting and felt proud.	I could not come up with any ideas.	1	1	1	1	1	1	1	1	1	1	1	1
5b47e430-5091-4eb8-8302-47c19832a116	Shannon was sad, because she lost her necklace. She thought it might be at work or in her car. Shannon looked all over for the necklace. She didn't find it in the car or at work.	So Shannon decided to look for her necklace at home.	Shannon bought a dog to replace it.	1	1	1	1	1	1	1	1	1	1	1	1
45e967df-f624-4d7e-a2b5-70b6fc8ab280	Maya was walking home one night from work. She fumbled with her keys while trying to get into her car. Someone began approaching her from a dark alley. Frightened, she quickly got into her car and started it.	Maya felt scared.	Maya started to laugh.	1	1	1	1	1	1	1	1	1	1	1	1
62e0c771-4e9f-4b38-bab5-b24b9636d34f	Anna and Liv were in a contest to see who could a better math grade. Anna studied at least 5 nights every week for the whole semester. Liv, who was much better in math, studied only three or four times. Anna received a grade of 99 and Live only got a 93.	Anna was proud of her hard work paying off.	Anna was upset about doing poorly.	1	1	1	1	1	1	1	1	1	1	1	1
723bb352-5879-4290-8042-3b26234616cc	Pam was in love with Josh but she didn't know how to get his attention. She talked to her friends, and she talked to her parents. They all offered advice that didn't quite work for her. Finally, she just went up to him and told him her feelings.	Josh revealed he was in love with Pam too.	Pam's friends won't talk to her anymore.	1	1	1	1	1	1	1	1	1	1	1	1
e1964379-b060-4ac9-8328-aa5bacb173a0	I played in a fantasy basketball league this season. I've played fantasy football but never fantasy basketball before. I don't like it as much as football because there are too many games. The season is longer and it's basically down to pure luck to win.	I called my friend who loves basketball and asked him for help.	I decided to drink some margaritas that night.	1	1	1	1	1	1	1	1	1	1	1	1
a4fec03f-9145-4d04-a93a-72ec32d3e46a	"For months, Jill was asking her parents if they could adopt a cat. Her mom and dad would always say, maybe some day. Then, for her birthday, Jill asked them again, can we get a cat? Her mom and dad responded, ""go check in your room."""	Sitting on her bed was a small, grey kitten.	Jill ran for president.	1	1	1	1	1	1	1	1	1	1	1	1
d960b283-4e42-4349-9bc6-17149e98289e	Gina and Tami stood in the hallway talking. Gina had been tripped by a bully at recess. Tami wanted her to tell a teacher. Gina wasn't sure if this was the way to handle a bully.	Gina changed her mind after the bully walked by and hit her.	Gina got her pilot's license the next day.	1	1	1	1	1	1	1	1	1	1	1	1
e476fa34-33bb-40f5-a6c7-cb8ff8ec1aba	Don wanted some excitement one day. He had never skated before, so he wanted to try that. Don found a local skating rink in town. Don drove to the skating rink with his new skates.	Don had a great time skating for the first time.	Don went to eat chicken wings.	1	1	1	1	1	1	1	1	1	1	1	1
a0342429-43a0-46e2-b3ca-2166bd1be7bf	My aunt is a huge marine life lover. She constantly watches documentaries. My uncle decided to surprise her for her birthday. He took her whale watching.	She loved it.	She hated it.	1	1	1	1	1	1	1	1	1	1	1	1
369bf95c-c21c-4301-aaa0-ec59b1f816aa	Rebecca always works very late to get all of her work done. She hopes that the company president notices her hard work. Finally it is announced that Rebecca will be promoted. She cries happy tears knowing that her work is recognized.	She called her parents right away to share the good news.	She was so embarrassed she didn't tell anyone.	1	1	1	1	1	1	1	1	1	1	1	1
8ada6bec-d05a-461f-bdf6-2f57a73c4444	Felipe had always wanted to try making grits, but hadn't tried. Finally he asked his friend Jasper to help him cook grits one day. They followed each step of the recipe closely. Felipe tried the grits and they were delicious.	Felipe wanted to make grits more often.	Felipe didn't like grits.	1	1	1	1	1	1	1	1	1	1	1	1
9b879208-2e67-47e5-98e5-ea99f1d8d314	Kelly was going swimming in the ocean yesterday. She had fun and loved the water. Unfortunately something terrible happened. To her surprise her earring was gone.	It took some time, but Kelly found her earring again.	The earring had come into the possession of a traveling merchant.	1	1	1	1	1	1	1	1	1	1	1	1
a6918937-3d5b-4759-9786-8c36514405f6	Todd was tech savvy. He always had the latest of every gadget. He went to the local electronics store to browse. He eyed a new drone model that was just released.	He bought the drone.	He didn't like drones.	1	1	1	1	1	1	1	1	1	1	1	1
9d27e9f6-6abc-4a6f-84f9-9000e3418e9f	Missy bought a ticket to the carnival. She went in and looked around, open mouthed. She loved all the games and rides! She spent the whole day having a great time.	Missy decided to go back to the carnival the next day.	Missy vowed never to go back to the carnival again.	1	1	1	1	1	1	1	1	1	1	1	1
6699c9c3-711d-4942-bfe8-5d89843c7ccf	Jim bought a frozen pizza from the store for dinner. He got home and threw it into the freezer. When he went to cook it he realized it was ruined. He went back to the store and exchanged it for another.	Jim cooked the pizza as soon as he got home.	Jim had always detested pizza.	1	1	1	1	1	1	1	1	1	1	1	1
7895ca4b-2d01-4f53-aabd-43fb51e2ac57	Ian was continuously late for work. He almost always showed up 20 or 30 minutes late. His boss let it slide at first, because he was a good worker. Eventually, his team decided to get In a new alarm clock.	He finally was able to be on time.	Ian threw it away.	1	1	1	1	1	1	1	1	1	1	1	1
19736453-2a6b-4b4f-ba29-8c93ad4bf712	Tom was spending too much money on bottled water. So he decided to buy a water filter for his kitchen faucet. It was expensive. But it would save him money in the long run.	Tom enjoyed the taste of the filtered water.	Tom drank water directly from his kitchen faucet.	1	1	1	1	1	1	1	1	1	1	1	1
9670f1f2-4b1e-4a22-9ba0-8d67f2c8b344	Billy was 6, and just learning to read. His parents took him to the library. Billy was amazed how many books there were! They stood in line for his library card.	Billy picked up several books to take with him.	Billy gave up reading.	1	1	1	1	1	1	1	1	1	1	1	1
d47b8a60-b739-47d7-9ed9-2fad8f96d100	Mike was very sleepy and hungry. But he had to stay up to finish work. He thought eating food would help him stay up longer. So he put some bread in his toaster.	When it was done he put in some butter and ate it.	He couldn't figure out what to eat.	1	1	1	1	1	1	1	1	1	1	1	1
149149c3-7e9e-4c95-a104-785d637194bd	I heard that dog parks were good for dogs. One day, I decided to get my dog and go to the park. I put my dog on a leash and got in the car. We finally arrived at the neighborhood park.	My dog seemed to really enjoy the experience, so we went more.	I then turned around drove back home.	1	1	1	1	1	1	1	1	1	1	1	1
d87fc33f-2646-458c-b84f-11223dab54d1	Sara decided to go for a run. She laced up her sneakers and headed out the door. As she was jogging down the street she slipped on some ice. She badly injured her leg.	Sara stood up and limped back home.	Sara jogged without any incidents.	1	1	1	1	1	1	1	1	1	1	1	1
10022d2d-3959-4c7f-bf5a-58814aa1b5b3	Two bowling teams were set to play a game against each other. The one team all took out their balls and polished them. They got their balls to shine intensely. The lights of the alley bounced off the balls.	The balls looked amazing.	The balls were quite dull.	1	1	1	1	1	1	1	1	1	1	1	1
482ec573-3963-4b80-a118-550713f2848f	Paul put money in the bank! He wanted to save a lot! He really wanted to take money out too! He decided he should save the money.	He saved for a year and never spent any.	He took it all out and threw it in the trash.	1	1	1	1	1	1	1	1	1	1	1	1
00115125-5ba4-4d2d-b86c-99343afa7c59	Kelly was super excited for the new drawing at work. She was hoping she could win the new iPad. She put her name in and crossed her fingers. Luckily her name was picked.	She was happy she won.	She was very disappointed.	1	1	1	1	1	1	1	1	1	1	1	1
37913cf9-4ec7-4506-9268-ba29b4bbef57	Brenda wanted to learn how to swim. So she took swimming lessons at a local college. Her instructor noticed that she had potential. And he encouraged her to join a swimming team.	Brenda started to compete after joining the team.	Brenda did not like the instructors negative attitude.	1	1	1	1	1	1	1	1	1	1	1	1
b8d4e550-9f01-4ccd-8fb4-a607a46dfaf6	I used to store my unread books on the floor. Today I decided to organize them. I cleaned out a row on my book case. I transported about 10 books to the shelf.	Now my books are organized.	My books are very disorganized.	1	1	1	1	1	1	1	1	1	1	1	1
ea2f808c-3e83-41c2-867f-97e520aca85e	Tina went to the park to go on a run. It was a glorious day outside as she ran across the field. She stopped at a bench to take a rest. A butterfly landed on her hand.	Tina admired the butterfly.	Tina jumped on a train.	1	1	1	1	1	1	1	1	1	1	1	1
d635a064-5b57-4742-a6f3-bf22329d4ca7	Ana was grilling chicken for a picnic lunch outside. Suddenly she had a yen for sweet fresh corn to accompany the meal. She went through the fields behind her house and picked a few ears. Then she brought them back and buttered and grilled them.	The corn was delicious.	Ana hated corn.	1	1	1	1	1	1	1	1	1	1	1	1
a915b1da-42ae-4075-af49-35cc3305e982	My parents needed to buy a new television. They went to the electronic's store. They were overwhelmed by the choices but found someone to help. He made their decision easier with his answers.	Now they can really enjoy their favorite shows and movies.	My parents bought a purple van with flowers on it.	1	1	1	1	1	1	1	1	1	1	1	1
a891db65-ae8c-4f0c-823d-909a2f045191	Theodore was taking a typing class. He worked very hard on learning to type quickly. He was sure he wasn't moving as fast as he should. The day of the test came, and Theodore was nervous.	Theodore passed the test.	Theodore welcomed competition.	1	1	1	1	1	1	1	1	1	1	1	1
e6a776b4-5db6-4459-bd72-30e0a6894128	One night Tom and Allie went for a walk to the general store. They had to walk along a winding highway through the woods. Along the way, they talked about their various memories and interests. When they got there, they bought some snacks and sat outside.	Tom recalled how great it was to have met Allie.	Tom recalled how he had never liked Allie.	1	1	1	1	1	1	1	1	1	1	1	1
b3393976-0842-44a5-9a91-76170907f41f	It���s very quiet at night with no nurses running around the hospital. Only the constantly humming machine beside my bed comforts me. The machine has become my life. Life has become very simple now with an uncomplicated goal.	I just want to survive.	I can't wait to go on vacation tomorrow.	1	1	1	1	1	1	1	1	1	1	1	1
0896e674-6572-4bc9-b977-e2c097846f39	It was my first time ever playing football and I was so nervous. I had never been tackled before. I hoped it would not hurt. During the game, I got tackled and it did not hurt at all!	From then on, I felt more confident playing football.	I realized playing baseball was really a lot of fun.	1	1	1	1	1	1	1	1	1	1	1	1
01de6bc3-2192-4a63-abb9-ddd17f66abbd	Nita had a perfect Halloween witch costume. But it was chilly out and she needed a jacket. She did not want to ruin her great costume with a plain jacket! She asked her mom for help, and her mom made her a blanket 'cloak'.	Nita was pleased she could show off her costume and keep warm.	Nita stripped down to her skivvies and ran outside that way.	1	1	1	1	1	1	1	1	1	1	1	1
4a6f5b52-4884-46ad-a9ec-4d84c2f9cd6f	Mia was making brownies for a party. She just used a boxed mix. The brownies turned out pretty good. At the last minute, she added frosting to the top of them.	Now they were awesome.	Everybody loved the hot dogs.	1	1	1	1	1	1	1	1	1	1	1	1
ec57dac8-7808-4cec-9671-40abbf0807a1	Iris was supposed to bring wine to dinner. She went to the liquor store. She browsed the wine selection. Then she found a great bottle of wine to bring.	Iris purchased the wine.	Iris purchased a case of beer.	1	1	1	1	1	1	1	1	1	1	1	1
afcde7d6-9871-4373-9610-5ead4df9c401	Sasha loved writing from an early age. In her twenties she begins writing a novel and finishes it. Sasha decides to self-publish on amazon. Her book is sold through the kindle marketplace.	She was pleased that she sold several copies.	She was disappointed that she never finished.	1	1	1	1	1	1	1	1	1	1	1	1
f80b0a47-21cb-499f-aa62-d907a2c520fd	Larry spent a long time finding a spot to put up his hammock. He spent even longer actually putting it up. After it was up he tried laying in it. He kept falling out, though.	Larry was bruised after a while.	Larry hated sandwiches.	1	1	1	1	1	1	1	1	1	1	1	1
1d7f87b8-0409-4313-9e30-067aa818b9a8	Mary decided to take her husband to a football game. When they arrived to the front, they gave their tickets away. They sat in the second to last row in the front. Although their favorite team was losing, they had a good time.	Mary decided to take her husband to the game again next week.	Mary decided never to take her husband anywhere again.	1	1	1	1	1	1	1	1	1	1	1	1
49afd905-58fc-4114-a6aa-90d686f3578e	Dan and Carol met as manager trainees at a fast food restaurant. They were sent to further training in a town three hours away. They decided to drive together to save on costs. Talking in the car for hours each way, they got to know each other.	By the time they got to the training, they felt like friends.	Carol asked Dan to buy her a box of Kleenex.	1	1	1	1	1	1	1	1	1	1	1	1
bf4ea690-b2c5-4c11-a732-2228bc4eef56	Ben wanted to sell his rocking chair. He had it for 20 Years. He dusted it off and put a for sale sign on it. He placed it in his yard so people would see.	Later that day, Ben sold his chair for $50.	Ben decided to keep the chair instead.	1	1	1	1	1	1	1	1	1	1	1	1
fbced885-a0ad-4340-aac1-55b926af7c0a	Arthur fell asleep while smoking one night. The cigarette but was still lit and fell on the floor. It rolled to the curtains and caught them on fire. Eventually his whole house burned down.	Arthur died in the fire.	Arthur was proud of what he had done.	1	1	1	1	1	1	1	1	1	1	1	1
17447bac-e483-46e8-b435-5374dcbd96ac	Mark and Andy worked at a pizzeria. They both loved to make pizza. One day they decided to open up their own pizzeria. The pizzeria became very busy and profitable.	Their business became a success.	Their business failed.	1	1	1	1	1	1	1	1	1	1	1	1
8ccca07a-6236-40bc-87d0-95a50c7de6ae	Trisha's son got sick last night at eight. He vomited all over her and the floor. Trisha cleaned up and changed his clothes. He continued to be sick over and over again.	Trisha made the child sleep on the kitchen floor with a blanket.	Trisha let the children decorate the tree with popcorn.	1	1	1	1	1	1	1	1	1	1	1	1
3ef628ad-9066-4712-bd4f-aa47ccfcc117	My exam was a week from now. I decided to study today so I can understand the material better. A few days passed and I've spent a couple of hours studying. Unfortunately I caught a during the day before the exam.	Hopefully I be able to get through the exam.	I decided to jump rope for the final test.	1	1	1	1	1	1	1	1	1	1	1	1
3143fe60-f08d-4408-b30a-a0463ad4ffbe	Lee wanted to give his mom a nice gift for her birthday. But he had no money! So he decided to make her a card and cake. He put in lots of time and effort.	Lee's mom was very happy when she received it.	Lee's mom hated it.	1	1	1	1	1	1	1	1	1	1	1	1
dd101579-96e4-4840-9e33-9bb4ce3c18ab	Jamie's friends at school always told her baseball was a boys sport. However, Jamie loved baseball more than any other activity. So Jamie practiced baseball no matter what the others said. Soon she was the best baseball player at school.	No one made fun of Jamie and her love of baseball again.	Jamie decided she didn't like baseball anymore.	1	1	1	1	1	1	1	1	1	1	1	1
b9ae260c-6981-431f-8492-a5ca05cd89df	It was midnight, and Lynn's family was asleep. Lynn and her friends decided to meet some boys at the park. They decided it would be dangerous to sneak out her room window. So they went to the basement.	Lynn and her friends snuck out of the basement door.	Lynn decided to stay home and play a game.	1	1	1	1	1	1	1	1	1	1	1	1
a9f0d935-3091-4a42-b941-d059adad0c62	Ara was in the school choir. Her leader offered her a solo in the school play. Ara was nervous but thrilled. She practiced every day for weeks.	Ara got a standing ovation for her solo.	Ara refused her solo.	1	1	1	1	1	1	1	1	1	1	1	1
ee11f7b0-abf1-4c6f-adae-62bdba33fafe	Ted was playing tennis with his big brother. He always lost, but today he was determined to win. He concentrated hard and did his best. And Ted ended up winning the match!	Ted was proud of his efforts.	Ted wondered about the strange smell emanating from the table.	1	1	1	1	1	1	1	1	1	1	1	1
2e8b02e4-a7b3-48da-9006-af7f892ea0a1	Martha wanted to win the big spelling bee at school. She got a word list from her teacher and practiced every day. The big day finally came, and Martha won the spelling bee! She got a trophy, and her picture was in the newspaper!	Martha was very proud of her accomplishment.	Martha was upset about losing.	1	1	1	1	1	1	1	1	1	1	1	1
fddf7d4c-fc2c-4970-b565-aecc6c1525d2	I wanted to eat a particular cereal for breakfast. I found that I had run out of that particular brand of cereal. I went to a store to buy some more. The store was also out of that brand and I had to buy another.	I liked the new brand that I bought.	I don't like cereal.	1	1	1	1	1	1	1	1	1	1	1	1
55bdc3b0-c503-4510-ad9e-54d24fbb79da	Loo had a red box he kept pebbles he collected in. One day Loo went out to play with his friends. When he came back home he could not find his box. Loo asked his friends to help him find it.	Loo and his friends found the box.	Loo didn't want the box anymore.	1	1	1	1	1	1	1	1	1	1	1	1
9cefb977-dc4b-4f8c-8ae6-c31ac951f1a0	My friend had a bachelor party before her wedding. A group of us got together and went out on the town. We had dinner and drinks at a Mexican restaurant. We then got in a limo and went bar hopping.	We had a great time.	We had an uneventful night.	1	1	1	1	1	1	1	1	1	1	1	1
0a269589-dc3d-44f5-8b96-464f0de6c8d4	Haley was doing gymnastics after school. She stayed longer than everyone else. During a tumble she fell and hurt her neck. There was nobody there to help.	Haley screamed until a teacher came and helped her.	Haley continued to perform gymnastics until her mom came.	1	1	1	1	1	1	1	1	1	1	1	1
ce834cd4-783a-4891-84f7-4db755268b92	Cassie always wanted to be an actress. She had some experience as a child doing plays at school. One day, she saw an ad in the paper for auditions at the theater. She got her nerve up and went to the casting call the next day.	To Cassie's surprise they gave her a call back.	Cassie joined the army.	1	1	1	1	1	1	1	1	1	1	1	1
b66b48ed-c518-414b-8364-3af6ba3f81eb	Timmy was a little excited about having a baby sister. His parents let him pick out some baby names. He really wanted the baby to be named Jenna but his Mom liked Amy. When the big day finally came he stayed with his grandparents.	He jumped for joy when his mother brought his sister home.	He decided to stay there instead of going home.	1	1	1	1	1	1	1	1	1	1	1	1
4592cfc4-9dad-488f-b2e9-9a0fadf765ad	Katie decided it would be fun to dye some Easter eggs. She got her siblings together and they started dying a dozen. The chose all different colors. When they were done they looked beautiful.	They were proud of their eggs.	They were sad about the eggs.	1	1	1	1	1	1	1	1	1	1	1	1
fdc5a363-9a73-4893-8ce1-dd663a752820	Gina's extended family was fighting another family. They were in a park, and someone called the police. The police cars drove up fast with their sirens blaring. They jumped out of the cars and began to run towards them.	The police broke up the fight and questioned everyone.	They gave them all ice cream cones with sprinkles.	1	1	1	1	1	1	1	1	1	1	1	1
d4658ee8-28bd-414b-9bb2-7874a6facec5	The Waltons hadn't had a vacation in Years. This last summer they decided to drive to the beach. The family drove for hours and stopped a few times along the way. They spent five days at a nice hotel at the beach.	The Waltons were very relaxed.	The Waltons felt extremely stressed.	1	1	1	1	1	1	1	1	1	1	1	1
585f3fd6-15e4-4511-bf0a-1656562bb849	Rachel's mother always made her and the kids Kool-Aid. One day Rachel was very thirsty. She decided to make herself Kool-Aid for the first time. She dumped the package in water and stirred it up and took a sip.	She realized she mixed in too much water and it tasted bad.	She realized a hotdog would be great instead.	1	1	1	1	1	1	1	1	1	1	1	1
1ba6bf44-f8fc-472f-a14f-98fcbe601e1c	Tyler needed some extra spending money. He began looking for after school jobs. Finally he found a job at the local cafe. He makes coffee and bagels for customers.	He likes all the money he has now.	He had fun golfing.	1	1	1	1	1	1	1	1	1	1	1	1
7d56d5f0-f6a2-4298-9779-9f4922f328ae	Gomez loves Halloween. He wanted to enter a costume contest. For his costume, he decided to be Mickey Mouse. The contest had a Disney theme.	He won the contest.	Gomez is ashamed of what he has done.	1	1	1	1	1	1	1	1	1	1	1	1
31759123-0873-4010-9145-8b4d93a6d8ee	George had to go to court. He had to pay a parking ticket. He arrived at his local city council. He waited in line.	Eventually, George was able to pay the ticket.	George decided to spend the money on a new hat instead.	1	1	1	1	1	1	1	1	1	1	1	1
67652b43-4d69-41bd-9477-325361ffa0c8	Pam was looking for a house to buy. After a few months of looking, she finally found a house she loved. However, it was a little too expensive. Pam tried to talk down the price, and succeeded.	Pam finally bought the house.	Pam became homeless.	1	1	1	1	1	1	1	1	1	1	1	1
c03e5182-6bad-488f-b714-299ad5b30733	On the fourth of July, Lilly baked a lemon blueberry cake. She brought it to her boyfriend's house and they had a bbq. After dinner they drove into the city to watch fireworks. When the show was over, they got donuts from a food truck.	Lilly had a wonderful time.	Lilly had a terrible date.	1	1	1	1	1	1	1	1	1	1	1	1
c34fff03-3723-479b-8149-c8e547f73c67	Jake was swimming in his backyard. All of a sudden his pool burst open. There was a hole on the side of his pool. All the water leaked out of the pool.	Jake was very upset.	Jake was very happy.	1	1	1	1	1	1	1	1	1	1	1	1
b168c328-d09d-46b9-9a80-1a190f6630b2	Tia decided her kids were drinking too much sugar. She decided to cut out soda pop. Instead, she began to make sugar-free Kool-Aid for them. At first they complained about the change.	Later, once Tia's kids were used to the taste, they acclimated.	Later, Tia's kids joined a rugby league with snazzy uniforms.	1	1	1	1	1	1	1	1	1	1	1	1
781ab439-5960-4cae-8dbd-e641ac5abfb7	Ed was nervous about starting high school. He tried to reassure himself. He showed up the first day smiling and friendly. He made lots of friends quickly.	Ed was relieved.	Ed found highschool negative.	1	1	1	1	1	1	1	1	1	1	1	1
f3899348-2d0b-4bc1-b237-c93bccf678c3	Ana was playing basketball when her finger started hurting. An hour later, she was unable to move it. Her mother told her she was overreacting. Later that night, she was in so much pain she couldn't sleep.	Her mother took her to the emergency room to have it checked.	Ana decided to spin the basketball on her finger.	1	1	1	1	1	1	1	1	1	1	1	1
0847d0d3-f4e9-4153-8525-6ec5c176b3e0	Tony had the pizza ingredients ready. He never baked a pizza before. Tony wanted to surprise his girlfriend. He followed the instructions to make pizza.	Tom did a good job and his girlfriend liked the pizza.	Tom decided to make fried chicken instead.	1	1	1	1	1	1	1	1	1	1	1	1
017ea29c-3d5b-4d5b-b6b9-8f1aa378b203	Billy loved playing video games. One day he begged his parents to take him to Kmart. He saw a whole bunch of games there. He picked out a popular shooter game then took it home.	He played the game until bedtime.	Billy decided that he was sick of video games.	1	1	1	1	1	1	1	1	1	1	1	1
475064f6-c45a-45cb-be9c-e9be1ef34099	Pat wore his favorite shirt to work. During a break he noticed a thread hanging from his collar. He followed the thread to a rip in the fabric. Pat went to a store to buy a sewing kit.	He sewed up the rip before it got any bigger.	He didn't ever fix the rip.	1	1	1	1	1	1	1	1	1	1	1	1
2b6100d2-65f6-4957-b941-448d99edee9e	Joy went to bed hoping for snow. She had a new sled she really wanted to try! She was overjoyed when she woke up to six inches of snow. She got dressed as quickly as she could.	Joy enjoyed sledding for whole morning.	Joy lay on the beach for most of the day.	1	1	1	1	1	1	1	1	1	1	1	1
12f3ba1b-4042-49e2-ad61-fcd290f81019	Lina's dentist told her she needed braces. She didn't want them. She was scared everyone would make fun of her. Luckily, after she got them, everyone complimented her on them.	Lina was so relieved!	Lina was so heart broken.	1	1	1	1	1	1	1	1	1	1	1	1
505e6a21-8c56-4af0-9a38-b5ce5096d186	Rita was invited to her friend John's birthday party. Rita wanted to look her best for the party. She went to the department store to find a dress. She tried on several dresses of different colors.	She found a great yellow one.	She loved eating pizza.	1	1	1	1	1	1	1	1	1	1	1	1
2ce8571d-3697-42fa-9aa5-78fc2a66b846	Donald was a big Colts fan. He followed the team religiously. His family wanted to surprise him for his birthday. They bought him front row Cots tickets.	Donald was thrilled.	Donald was disappointed.	1	1	1	1	1	1	1	1	1	1	1	1
7719a66a-15ce-4ba8-9f52-e9c35a58748d	Kathryn loved the taste of pineapple. She bought a fresh pineapple from the store. She had no idea how to cut it. Kathryn watched a video on the computer that showed how to slice it.	She sliced it perfectly the first time.	Kathryn threw the pineapple away.	1	1	1	1	1	1	1	1	1	1	1	1
e0a9eab8-ee42-46fb-a399-7899cffd32da	Georgia was carving a pumpkin. First she put it on the table, on top of some newspaper. Then, she cut the top off and scraped out all of the seeds. Finally, she used a large knife to carve a face in the pumpkin.	Georgia made a great looking pumpkin when she finished.	When georgia was done, she.	1	1	1	1	1	1	1	1	1	1	1	1
a243f4db-5567-4057-b21a-5103cc273e8b	The day was sunny and warm, a perfect day for a picnic. Mom, James, and Renee went to the park. First they went for a walk. Then they had a picnic by the river.	They all had a good time.	They all ran from the bear.	1	1	1	1	1	1	1	1	1	1	1	1
f2420b66-049f-4615-b2ba-51a0f6d63c49	The astronaut sat strapped into his chair. His face was cold determination, but he was nervous. He remembered his training and focused on the mission. The rocket booster began to ignite, this was it.	The astronaut felt a surge of excitement.	The astronaut ate a donut.	1	1	1	1	1	1	1	1	1	1	1	1
024086f4-fb34-4c55-a810-c18bdf9d7a58	Tyler wanted a new computer. However, none of the computers available to buy fit his desires. So, he decided to build one himself. He ordered all the parts and got to work.	Tyler was computer literate.	Tyler was a dog.	1	1	1	1	1	1	1	1	1	1	1	1
71dce210-de09-4554-bd9c-a97ee19948d6	Rachel loved to play on her piano. One day she was paid to play at a romantic event. She lit candles and put them on her piano. The candles started to burn low.	She caught them before they burned her piano.	She decided not to do anything.	1	1	1	1	1	1	1	1	1	1	1	1
b73dcd4d-e4ad-498d-ac8f-a31a7e4bc969	Jason loved his old shoes. He was wearing them when the sole fell off. He tried to glue them back on. What a mess he made.	He had to buy new ones.	He went running.	1	1	1	1	1	1	1	1	1	1	1	1
28c21da5-d676-4eeb-88c0-1f751ba4ebc1	Cindy was reading a story about a dog. But she never liked dogs. As she kept reading, however, she became attached to the dog. In the end of the story, the dog died.	Cindy cried at the end of the story.	Cindy laughed when she finished the book.	1	1	1	1	1	1	1	1	1	1	1	1
e4af71f0-3087-4067-8b16-49f42119169f	Ann woke up in the middle of the night. She was thirsty and wanted a drink of water. She tiptoed into the kitchen and got a drink. But then she accidentally dropped the glass, which shattered!	Ann quickly cleaned up the broken glass and threw it away.	Ann decided to start dancing.	1	1	1	1	1	1	1	1	1	1	1	1
9297872d-6bcd-4b98-b200-e1bcab5b0ef5	Aya wanted to be a chef. She decided to test her skills. She cooked her family a huge dinner. Then she asked them if they had enjoyed it.	They all told her that they enjoyed it very much.	Aya left the room before anybody could speak.	1	1	1	1	1	1	1	1	1	1	1	1
b37c0973-fa39-4a46-8ba9-1266e7dbaf6c	Carly is a huge Disney fan. She plans to take her children on a surprise trip to Disney World. She tells her children that she is taking them to see their uncle. Unenthusiastic, the children follow their mother to the car.	On the way, she reveals the surprise to her delighted children.	After a while, the train leaves the station.	1	1	1	1	1	1	1	1	1	1	1	1
c29d2b03-322a-4e6d-91ab-6b78a353bd86	Roy got up early and went to the box office. He stood in line for hours to get to the front. He put down a stack of money and asked how many tickets he can get. The cashier gave him 15 tickets.	Roy went home with the tickets.	Roy ran away in terror.	1	1	1	1	1	1	1	1	1	1	1	1
57ff2104-6d46-4077-b8e9-442c161886b3	Derrek wanted to buy a piano. He started working odd jobs to earn money. Derrek kept the extra money he earned in a special bank account. He worked for months to earn enough money.	Derrek was finally able to buy the piano.	Derrek decided not to buy the piano.	1	1	1	1	1	1	1	1	1	1	1	1
d21c29e7-28e1-4c39-b478-d655407922bd	I decided to join a poker tournament. It was a $100 buy in. I played very smart. I was on the last table, head to head.	I eventually won.	While they dealt the cards I left for Mexico.	1	1	1	1	1	1	1	1	1	1	1	1
4ad492d2-db05-4f4e-bd76-99541bd7deef	Chevy rounded up his friends, and was ready to seek revenge. The group went to the house of his enemy, and went looking for him. They beat up many of the man's friends, but the man himself got away. Chevy was injured during the process, but vowed to eventually get him.	Chevy chased him down and beat him up eventually.	Chevy bought the chap a spot of tea.	1	1	1	1	1	1	1	1	1	1	1	1
76713187-5ddb-45cb-921d-b4ebb28bbad3	Jenna needed clothes for school. She took her allowance money and met up with friends at the mall. They walked inside and looked for shops they liked. Jenna and her friends walked through the mall for hours.	Jenna's friends loved shopping.	Jenna's friends hated shopping.	1	1	1	1	1	1	1	1	1	1	1	1
08612a8a-63b3-4ceb-b68a-51e27f703062	Noah was working as a waiter. One day he saw that a customer had left his wallet on the chair. Noah decided not to steal the wallet. Instead, he called the customer to come and get it.	The customer thanked Noah.	Noah kept the wallet.	1	1	1	1	1	1	1	1	1	1	1	1
e8da422f-3aa1-4693-ae69-9f72d009db61	Jeff wanted to beat his mile run record of 6 minutes. So he practiced running every day. He ate more fruits and vegetables. And he felt much better.	Jeff beat his old record and was happy.	Instead of running, Jeff went to the movies.	1	1	1	1	1	1	1	1	1	1	1	1
3f1baa04-395f-41c3-91c1-1356b0b69d5d	Amanda dropped her phone in the water. She picked the phone up. She tried to turn the phone on. The phone did not work.	Amanda had to get a new phone.	Amanda was glad that her phone was not damaged.	1	1	1	1	1	1	1	1	1	1	1	1
2abe8c8d-1f65-42ea-8735-200b5e33ef52	My wife was pregnant with my son. One day she said it was time to have the baby. I took her to the doctor where they got her ready. She was in labor for several hours with my son.	Afterwards I got to meet my son.	Afterwards I went out for a pizza.	1	1	1	1	1	1	1	1	1	1	1	1
59a73830-3445-4c99-a3a8-11c67205241a	Sally went to the blueberry patch with her basket. Sally walked through the rows of blueberry bushes. She picked blueberries until her basket was full. She ate some of the fresh berries as she picked.	Sally loved blueberries.	Sally hated blueberries.	1	1	1	1	1	1	1	1	1	1	1	1
213fa557-25d7-41ab-9bfb-f1f92735310d	We moved to Cambridge in 2013. Our cat came to the new place first. She was unfamiliar with the new home. She hid in the kitchen cabinet for hours as we moved.	We were finally able to coax the cat out with treats.	The cat loved wondering the new home.	1	1	1	1	1	1	1	1	1	1	1	1
2e3ccd86-a493-4296-99c4-59a74de07670	Yasmine was all alone with a migraine. She did not know what to do or how to make the pain go away. She remembered what her mother used to do for her during migraines. She went to the sink and prepared a warm towel.	She pressed the towel to her forehead.	She put the towel in the dirty laundry.	1	1	1	1	1	1	1	1	1	1	1	1
50bbcf3f-52fa-4cd4-8a95-ad85d3ab1da1	May was training to run a mile in under five minutes. She had trained for months and was pushing her body's limits. She began ignoring her soreness and kept running for days. One day, she felt so sore she couldn't move but kept running.	May achieved her goal of running the mile in under five minutes.	May became the fastest swimmer in the school.	1	1	1	1	1	1	1	1	1	1	1	1
f821196d-4bb1-4246-8805-890fea062498	George was really nervous Mary would turn him down. Still, he decided to ask her if he can take her to dinner. Mary said yes, with a large smile on her face. They got along great, and had a wonderful dinner together.	George is excited for his second date with Mary.	George hates Mary.	1	1	1	1	1	1	1	1	1	1	1	1
adfc4099-d29d-45f2-8c7d-da2bc2682d4f	Dave decided one day he wanted to go see a hockey game. He ordered a few tickets. He then invited some of his friends. They all went to the game, and had a good time	Dave was glad he went.	Dave regretted going.	1	1	1	1	1	1	1	1	1	1	1	1
7ecd4e12-ac55-4f34-8b49-5bebc55ddd87	Ava spent her last dollar on a bottle of Coke. She twisted off the top and drank deeply. Then she checked the prize code under cap. Her eyes widened with surprise.	Ava was glad to have just won five dollars.	Ava threw away the Coke cap.	1	1	1	1	1	1	1	1	1	1	1	1
095c7dd6-8992-4914-97ab-11706e635ee0	My boyfriend and I were on vacationing on the beach. We went to a beach that was inhabited by wild dogs. One dog, named Rubia, watched our things while we swam. We were so happy, we brought her meat the next day.	Rubia then became very nice to us.	Rubia was a very mean dog.	1	1	1	1	1	1	1	1	1	1	1	1
bdfa3541-1a9a-44b0-9067-0f9611da12e6	Jane wrote an advice column for the local paper. One day she received a curious letter. It was about whether a man's girlfriend would accept his proposal. The details of their relationship were strangely familiar to Jane.	Jane realized it was her boyfriend and accepted his proposal.	Jane converted to Satanism that very day.	1	1	1	1	1	1	1	1	1	1	1	1
97312d01-89f3-4375-a248-51dae696d7c9	Robert wants to propose to his girlfriend Jennifer. His only issue is that the ring she wants is out of his price range. Robert decided to have a garage sale one day to see what he can sell. He ended up getting rid of stuff he didn't want and made lots of money	Robert had enough money to then get the ring.	Robert went for a walk.	1	1	1	1	1	1	1	1	1	1	1	1
ced7d97e-c873-448c-bce0-30274ceac332	Lauren was nervous about giving a speech for her French final exam. She arrived to class. It was her turn to give her speech. She finished her speech and felt relieved.	The teacher was impressed and gave her an A on her exam.	Lauren was excited about going out to lunch soon.	1	1	1	1	1	1	1	1	1	1	1	1
aa65e437-2487-4ac5-a99e-b29966018bd4	Max was determined to reach his goal of making extra money. He asked his family, friend, and co-workers for extra work. He did not mind working harder to reach his goal. He finally found a job on Mturk.	He saved enough money from his work to buy a car.	He stood on the street corner asking for money.	1	1	1	1	1	1	1	1	1	1	1	1
22705add-8a18-4c22-859c-5e06cadb9554	Joe woke up to a lot of loud noises outside. It sounded very bad, very windy. He turned on the news and saw that there was a tornado warning! The warning said to take cover immediately!	Joe quickly collected his things and went to the shelter.	Joe yawned and shuffled outside to get the mail.	1	1	1	1	1	1	1	1	1	1	1	1
49c0b9b3-851b-435c-a5df-d9b12f13b347	Terry's car broke down. He wasn't able to afford a rental. He decided to take the bus. To his surprise it was a pleasant experience.	He was glad he still got to work on time.	He went swimming in the pool.	1	1	1	1	1	1	1	1	1	1	1	1
1ea1e977-84dd-48ff-871c-3f348d17ffa2	James notices that he has become increasingly depressed. He feels alone, and does not know who to talk to. Finally his mother recommends that he began seeing a therapist. James begins regularly seeing a therapist and starts to feel better.	James decides to become a therapist when he grows up.	James considers running away from home.	1	1	1	1	1	1	1	1	1	1	1	1
5fb3dc18-757b-4d81-9b5d-85709167b004	Jenny is a six year-old girl who reads lots. Jenny's favorite book is Astrid Lindgren's Pippi Longstocking. Jenny wanted to be Pippi for Halloween. She couldn't get her pigtails to stick straight out like Pippi's	Her mom was able to help her get it right.	She decided she didn't like fish anymore.	1	1	1	1	1	1	1	1	1	1	1	1
6ae6482e-f278-45c2-a048-45191fae27e9	Francis had always wanted to become a history teacher. He studied history very diligently in college. Finally he applied for a job teaching history at a middle school. He worked hard to be the best teacher he could be.	He won an award for best teacher his very first year.	He was fired for being a bad teacher.	1	1	1	1	1	1	1	1	1	1	1	1
0ee1a115-c1df-4af7-902d-2d1576e3ff40	Dany was a six year old boy who loved to play football. One day Danny was crying because he was lonely. Dany's father was home early from work that day. Dany asked his dad to play football with him.	His dad was happy to play with him.	He didn't know how to play football.	1	1	1	1	1	1	1	1	1	1	1	1
24753e80-0237-48e5-9718-1519c24d5c73	Yesterday I was putting up the Christmas tree. I picked up the prettiest ornaments. As I picked one up, it dropped. The glass shattered.	I cleaned it up with a broom.	I let my dog eat it.	1	1	1	1	1	1	1	1	1	1	1	1
8f7f8b50-19f2-49dc-86a0-4a25a909ae16	Jasmine wanted to try to ice skate. The local park had an ice rink set up. Her mom took her into the rink. Jasmine fell several times.	Jasmine decided to take lessons to get better.	Jasmine loved playing pinball.	1	1	1	1	1	1	1	1	1	1	1	1
1bb9a251-ab9e-4286-a2d7-6b2f7d39cf11	Quentin had never gone hunting before. This last weekend his friends invited him with them. They were going to camp out and hunt for a few days. He agreed to go.	Quentin really enjoyed the hunting trip.	Quentin went to school.	1	1	1	1	1	1	1	1	1	1	1	1
981447a3-b34d-43cf-b417-02207d1c1421	Brad was camping in the mountains with his friends. They roasted marshmallows all night. When they woke up in the morning there was a bobcat in the camp! Brad was scared to come out of his tent.	The bobcat was actually his friend in a costume.	Bob went out to the beach.	1	1	1	1	1	1	1	1	1	1	1	1
bcb6e60b-8928-47d9-a928-92db3d66b420	Kelly was taking her daughter to get her first shot. Her daughter got scared and started crying. Kelly tried to soothe her. The shot was painful.	Kelly's daughter kept on crying.	Kelly's daughter started laughing.	1	1	1	1	1	1	1	1	1	1	1	1
9a292add-d2dc-47be-8bd6-9d5b78dda4b8	Tom's favorite team was playing in the playoff games. He ran home to turn on the television just in time. He watched the game and cheered when his team made a touchdown. His team won the game.	Tom was happy.	Tom was sad.	1	1	1	1	1	1	1	1	1	1	1	1
7e2247e1-c65d-480b-b2e7-c7941930e04c	It was Kathy's first day on the job. This was her very first job and she was excited. She made sure to look her best and have her best foot forward. When Kathy arrived she was greeted with open arms.	She loved her job and ended up staying for 3 years.	She was repulsed, and ran all the way home.	1	1	1	1	1	1	1	1	1	1	1	1
93e172dd-5eff-4beb-a231-66ab98c8bfee	Year's ago I wondered what was my life's purpose. I volunteered my for services for many social organizations. I learned I like helping people bring about change. I discovered I wanted to help resolve many of the world's problems.	I devoted my life to helping others.	I became a shark on Wall Street.	1	1	1	1	1	1	1	1	1	1	1	1
a0dfd717-70e3-48b4-99d2-8b3bcfe56ab6	Every year the smiths go on a camping trip. This year they decided to go to Colorado to camp. The family took the trailer and the goods to go. The kids were excited.	It was a great trip and they had a good time.	They decided to cancel the vacation.	1	1	1	1	1	1	1	1	1	1	1	1
5c0197e8-fea0-4c59-a2bc-720dee8cfc7a	Jerry was running for class president. He ran a dirty campaign against his opponent. He made up lies and spread rumors. He won by a landslide.	But he felt guilty.	Jerry loved pizza.	1	1	1	1	1	1	1	1	1	1	1	1
5970257c-fa10-4f5a-b1c7-07e03694d296	Terry had to catch a bus to make it to work on time. However, she met a series of misfortunes on morning. She lost her shoes and her keys. As she walked to the bus stop, she saw the bus starting to pull away.	Mary missed the bus and had to walk to her destination.	Mary got on a plane to go to her destination.	1	1	1	1	1	1	1	1	1	1	1	1
b2af50f0-5071-45d6-aebb-fc46d55e55e9	Brian was a highschool student who felt sure of his intelligence. He had a big test coming up but felt sure that he would pass. Brian did not study for the test. When Brian took the test, he realized he was unprepared.	Brian felt lucky that he got a C on the test.	Brian's teacher praised Brian's performance on the test.	1	1	1	1	1	1	1	1	1	1	1	1
5b6fe5d3-a3eb-4c0e-89f8-e47cba5b1313	My boyfriend took me to Amsterdam for New Years. It was extremely romantic. We watched the fireworks from our hotel room. Afterwards, we took a steaming hot bath together.	The bath relaxed us and we went to sleep.	We decided to never come to Amsterdam again.	1	1	1	1	1	1	1	1	1	1	1	1
c57406cd-91ee-43cb-b94f-c014117b714b	Jill's health class was visiting an acupuncture clinic. Their teacher told them that although it was alternative, it worked. During the visit, Jill got a horrible migraine. The acupuncturist offered to treat her.	Jill's headache went away.	Jill asked him for a pizza.	1	1	1	1	1	1	1	1	1	1	1	1
da3219e3-3776-4964-8924-763b97c22eec	Jimmy loved alligators. When he was little, his grandfather took him to an alligator farm. The workers let Jimmy sit on an alligator. The reptile didn't like this and tried to bite Jimmy.	Jimmy still loves alligators but now respects their wild nature.	Jimmy ate a sandwich for lunch.	1	1	1	1	1	1	1	1	1	1	1	1
a9dee1a6-2a0e-45a9-bf81-f64a681ebf97	Janie was outside one day when she heard a high-pitched noise nearby. She looked all around for the source of the noise. Finally, she found a litter of kittens under a bush! She decided to take care of the kittens.	Janie loved cats.	Janie hated cats.	1	1	1	1	1	1	1	1	1	1	1	1
61ebf1dd-408e-49e4-800e-dc09531d8779	Pam loved to use coupons. She asked all her friends to give her old newspapers. Pam would go through each newspaper and cut out the best coupons. She made an effort to include her daughter to teach her to be frugal.	Pam's daughter became good at bargain hunting.	Pam's favorite store was Saks Fifth Avenue.	1	1	1	1	1	1	1	1	1	1	1	1
09c4e57f-98e9-4036-b888-c28fd672757e	Chuck joints creaked as he stood up from the computer. It was a short walk to the side table where he had left his phone. He was going to make one quick phone call before returning to work. The dogs met him at the door with earnest faces.	Chuck knew he needed a walk so he talk his dogs out.	Chuck kicked his dog away from him.	1	1	1	1	1	1	1	1	1	1	1	1
750dbb85-23a6-4fe3-9f29-6fd4aedf6350	Del hurried home from work. He was very worried and anxious. His wife had said she had important news for him. But when he got home, he saw his wife was smiling.	He was overjoyed when his wife told him that she was pregnant.	Del's wife told him that she had breast cancer.	1	1	1	1	1	1	1	1	1	1	1	1
acea8b1b-cdda-43b6-84bc-ad23746ea6d8	I was at work yesterday when my boss came over. He said that we were behind schedule. He asked if I could help out a bit. I would get paid overtime.	I was happy to get paid overtime.	My boss fired me.	1	1	1	1	1	1	1	1	1	1	1	1
17af4d5b-7f95-4383-a5fd-a5ec2755e82d	Neil wanted to see ancient temples and ruins. He decided Asia was a great place to start. He flew to Cambodia and went sightseeing. He saw so many old temples in the jungles there.	Neil was happy he made the trip.	Neil was bored of the trip and went home.	1	1	1	1	1	1	1	1	1	1	1	1
be86f0f6-c225-422e-842a-13f65f81163e	Yesterday I felt very sick. I had to take the day off. Thankfully I was able to relax. I took some soup and rested.	I took a long nap and am feeling better.	I went to the gym and exercised.	1	1	1	1	1	1	1	1	1	1	1	1
4b146cb7-eea7-4914-91ff-4295afdb2d60	My girlfriend and I took a train to New York City. We were going to have dinner and enjoy a night in the city. I took her out for a nice meal and after we went shopping. We both had a great time!	We love spending time together.	I broke up with my girlfriend the same night.	1	1	1	1	1	1	1	1	1	1	1	1
0dde2076-2a53-4a21-b9dd-1ae4bff8bcc8	Kelly was excited to try the new Starbucks flavor. The flavor was red velvet cake. When she ordered it she took a sip. It was delicious.	It became her new favorite.	She confronted the barista and demanded a new coffee be made.	1	1	1	1	1	1	1	1	1	1	1	1
3cee391d-ad6f-4e54-82ba-8236687b9c10	June was excited to share gardening with her son. She showed the boy how to pluck weeds, root and all. June and her son worked on separate rows, weeding steadily. When they finished, the boy showed June his pile of weeds.	June told him that he had done a great job.	June ignored him and walked away.	1	1	1	1	1	1	1	1	1	1	1	1
5f93652a-c6a9-4fde-8310-d27880c21d13	Ed pass a car as he drove to the bank. He tried slowing down after passing but failed. His brakes did no work. Ed looked around for something to slow him down.	Ed coasted to the side of the road until he stopped.	Ed ate his peanuts.	1	1	1	1	1	1	1	1	1	1	1	1
4eb69e33-5eb7-47ba-b113-64871c263221	Tom and Sally wanted to have kids. They tried several times without any success. It turned out that Sally had medical issues she needed addressed. Once she got that taken care of they tried again.	Tom and Sally finally got to have kids.	Tom and Sally didn't want to have kids anymore.	1	1	1	1	1	1	1	1	1	1	1	1
78cf9c7e-5f3a-46d8-8b2d-737c26886b46	Abby skated on her rollerblades down the driveway. Her father was pulling in and didn't see her. He accidentally hit her as she skated down. Abby's arm was broken.	Her dad took Abby to the emergency room right away.	Abby's dad went on to park the car in the garage.	1	1	1	1	1	1	1	1	1	1	1	1
ad630863-7123-487f-a80f-70e80421b00c	Ken's football team was losing the game. The game was almost over and they needed seven points to win. Then Ken threw a touchdown and scored! The fans and the team cheered him loudly.	Ken's team was very happy to win the game.	Ken decided to quit playing football.	1	1	1	1	1	1	1	1	1	1	1	1
539d0b12-7329-428a-9505-216af771625e	Sora was failing her math class. She asked her teacher if she could do anything to help herself. The teacher offered her an extra credit report. Sora put a lot of effort into her report.	She got a good grade on the report and raised her math grade.	She felt very unmotivated.	1	1	1	1	1	1	1	1	1	1	1	1
819ab659-663a-4ebe-b740-cd1dfa2589d0	Kev and Kate were fighting badly. They decided they needed help. They went to see a therapist. The therapist was helpful and friendly.	The couple liked her very much.	Katie hated her a lot.	1	1	1	1	1	1	1	1	1	1	1	1
4956ea6c-f5bf-4b14-ba63-66837c13c76f	Cal got an ice cream making machine for his birthday. He was so excited to try it out! He added all the ingredients. Then he turned the crank and watched eagerly.	A big bowl of chocolate ice cream was soon ready.	Cal did not want to eat any ice cream.	1	1	1	1	1	1	1	1	1	1	1	1
e07f116a-1056-481b-ae90-67f432621c75	Frank thought he was the best at football in the neighborhood. He challenged his friends at the park. Robert ended up outperforming Frank the whole game. Frank, being a good person, took it in stride.	Frank got better with time.	Frank doesn't like football.	1	1	1	1	1	1	1	1	1	1	1	1
0564eefd-c7de-4e5c-a95c-dd5871c80597	My husband loves tv. He watches it too much. Watching tv can cause bad eyesight. my husband had problems with his eyes.	He should stop watching so much TV.	He does not watch enough TV.	1	1	1	1	1	1	1	1	1	1	1	1
c76a92e4-55b1-4666-b294-1656a77b8f07	Paul loves playing video games. His computer was having trouble keeping up with the latest ones. He decided to upgrade. After a while his entire computer was practically new.	Now Paul can play all the latest games with his friends.	Paul sold his golf clubs and entered a nursing home.	1	1	1	1	1	1	1	1	1	1	1	1
59b195c9-82fb-4c1a-8250-cc0e68f06924	Sadie loved growing tomatoes and peppers in her backyard. Sadie would grind them together and make a delicious salsa. She began selling it to people to use at their parties. Her business started expanding rapidly as demand increased.	Sadie now makes salsa as her full time job.	Sadie never grew tomatoes again.	1	1	1	1	1	1	1	1	1	1	1	1
b841bbbb-5fec-4cc6-9752-44632ff5d244	My mom came home sad today. I decided to ask her if she's alright. She didn't say anything. Being considerate, I decided to leave her alone.	She eventually came to me and apologized for being rude.	I walked toward her and screamed in her face for being rude.	1	1	1	1	1	1	1	1	1	1	1	1
3a13037e-9123-4748-a8a6-2144fc6185cd	Tim was fishing on the bank. He felt a bit on his line. He yanked up real hard. The fish on his line flew out of the water.	It was the biggest fish he had ever caught.	He thought fishing was boring.	1	1	1	1	1	1	1	1	1	1	1	1
1594dcd8-577a-44a6-bdaa-719da03db997	I went driving the other day. After putting the key in, I turned the ignition. It wasn't long before I was on the road! I went to a grocery store to see if there were any deals.	There were, and I bought food and then went home.	I did not food, so I drove straight home.	1	1	1	1	1	1	1	1	1	1	1	1
