	word	count
2689	greattime	21
76	wenthome	16
2980	nextday	14
2929	saidyes	11
1699	decidedbuy	7
1332	goback	6
3858	decidedgo	6
2771	wonderfultime	5
1251	rightaway	5
3793	icecream	5
82	gothome	5
2028	gohome	5
3055	feltbetter	5
3201	nexttime	4
1033	muchbetter	4
2011	madeplans	4
1789	lotfun	4
1884	learnedlesson	4
3802	greatday	4
1379	gotsick	4
3490	goodtime	4
2823	feltgood	4
667	enoughmoney	4
503	decidedtake	4
4171	decidedliked	4
3667	becamegreat	4
1306	wholeday	3
851	wentsleep	3
3809	twohours	3
1219	spentrest	3
3776	sooncould	3
927	savingmoney	3
3407	savedenough	3
2331	ranaway	3
97	passedtest	3
3214	oneday	3
3946	newfavorite	3
2189	newcar	3
1602	madefun	3
2737	lotmoney	3
840	learnedlot	3
166	getbetter	3
2499	funplaying	3
4096	firsttime	3
735	finallyable	3
3122	feltproud	3
2871	feltmuch	3
1777	everyday	3
1976	eventuallygot	3
3947	decidedstart	3
173	decidednever	3
1106	decidedeat	3
658	cameback	3
1817	buynew	3
3260	bestfriends	3
64	becamegood	3
805	backhome	3
2319	ableget	3
650	ablebuy	3
2367	yearlater	2
1544	wouldtry	2
2550	worktasty	2
3468	wishedcould	2
1906	wholefamily	2
2542	wentstore	2
139	wentinside	2
3788	wentgot	2
824	wentback	2
3135	wentaway	2
370	weightloss	2
2374	tookemergency	2
296	toldwant	2
3577	timetogether	2
3482	timemaking	2
1102	timemade	2
2515	timegot	2
1570	timego	2
1063	storegot	2
1162	startedgetting	2
3622	startedfeel	2
2488	spentafternoon	2
1716	spendingtime	2
3988	soongot	2
925	soonbecame	2
272	socialmedia	2
2570	skillsimproved	2
3437	seconddate	2
3259	sadlost	2
1715	runaway	2
3249	restnight	2
70	restday	2
4115	reallyenjoyed	2
220	reallyenjoy	2
525	realizedloved	2
1289	ranhouse	2
2152	proudhard	2
1298	proudefforts	2
2562	policecome	2
4128	policecame	2
3489	playedgame	2
721	phonebroke	2
3125	peanutbutter	2
2305	parentsupset	2
293	parentsproud	2
2122	newphone	2
2839	newlife	2
3169	newhome	2
424	newfriends	2
3826	namenew	2
241	muchcareful	2
3402	mothersaid	2
4150	moneybuy	2
770	mommade	2
2320	madeteam	2
1288	madegreat	2
3957	luckilyginas	2
3345	lovednew	2
105	lotbetter	2
2940	lookingforward	2
1258	lookedgreat	2
2867	likepeople	2
768	likedmuch	2
3352	imsure	2
16	husbandfound	2
2473	hopedwouldnt	2
2231	heartbroken	2
3532	headachewent	2
1074	hardwork	2
832	gratefulgave	2
410	gotwork	2
2868	gotmeet	2
1801	gotmarried	2
3471	gotlot	2
3975	gotgreat	2
2199	gotbetter	2
3707	gobed	2
329	girlfriendliked	2
1309	gettingbetter	2
2104	gettingaway	2
2852	getnew	2
1488	getcar	2
2615	friendswent	2
4069	friendslot	2
2281	friendloves	2
1450	foundpeace	2
1641	foundexactly	2
3634	flewkite	2
2069	firstsight	2
2332	firstprize	2
230	firstplace	2
18	findperfect	2
4253	findhouse	2
2035	finallygot	2
690	finallybeat	2
1680	feltlike	2
2192	feltguilty	2
1995	feltfrustrated	2
3180	fellasleep	2
3801	feellike	2
941	feelingbetter	2
4169	feelbetter	2
152	feelbad	2
3565	familythought	2
3762	familyloved	2
2414	excitednew	2
711	exactlylooking	2
117	everyoneclass	2
1324	eventuallystopped	2
3672	eventuallymoved	2
2811	enjoyedfirst	2
4047	endday	2
3273	emergencyroom	2
674	drovehome	2
1849	driverslicense	2
3394	didntneed	2
3969	didntmatter	2
2680	didntlike	2
639	decidedwould	2
3616	decidedtry	2
515	decidednew	2
972	decidedmake	2
2484	decidedcareful	2
2606	decidedcall	2
2965	dayslater	2
4157	dayschool	2
74	dadtook	2
3992	criedmom	2
3200	couldshow	2
1511	couldkeep	2
2010	couldgo	2
1683	comeback	2
225	coffeeshop	2
43	calledpolice	2
3367	businessbecame	2
1876	broughthome	2
3472	boughtfood	2
49	bestfriend	2
1279	bestday	2
2844	becamesuccess	2
326	becamesad	2
3008	becamefriends	2
377	becamedepressed	2
863	becamebest	2
860	bakedcookies	2
898	askedmother	2
1710	aroundneck	2
4155	apologizedturned	2
537	ablefind	2
2094	zoocup	1
1785	zebrasrun	1
2785	youngremember	1
3300	younglady	1
3644	yogurtanyway	1
960	yeswent	1
2238	yestims	1
195	yescould	1
3048	yelpedran	1
2211	yellowone	1
3448	yelledsatisfied	1
2235	yearscome	1
3042	yearnever	1
1589	yearmade	1
2431	yaoplaced	1
807	xylophonearrangements	1
2120	wrotefood	1
3694	wrotebad	1
1857	wronglynude	1
4148	wrongdrink	1
957	writingdiary	1
3366	writingbook	1
2629	writepaper	1
992	wristbroken	1
1722	wouldwrong	1
985	wouldwear	1
815	wouldvisit	1
2943	wouldupset	1
2909	wouldthink	1
999	wouldshade	1
1839	wouldreact	1
1029	wouldprofitable	1
215	wouldpreferred	1
1128	wouldntwork	1
4130	wouldntget	1
390	wouldntfriend	1
3464	wouldntfind	1
3363	wouldnever	1
3589	wouldmove	1
3784	wouldlower	1
2494	wouldgot	1
228	wouldgone	1
771	wouldgo	1
2566	wouldget	1
3739	wouldfive	1
3596	wouldalways	1
3539	wouldadmitted	1
4026	worrylaces	1
3515	worryjudgmental	1
190	worriedweather	1
366	worriedmother	1
1580	worriedgoing	1
2479	worriedcomputer	1
1820	wornrest	1
990	worktime	1
3388	workshirt	1
1436	workrather	1
1458	workpaying	1
364	workpassed	1
161	workoften	1
894	worknext	1
2113	workingwell	1
1809	workinghard	1
629	workhome	1
1274	workgo	1
1271	workgives	1
2639	workerrecommended	1
1477	workerknew	1
1706	workerfound	1
3767	workeradopting	1
2016	workedproperly	1
911	workedhard	1
2724	workedbecame	1
1846	workbuy	1
1290	worenew	1
3156	worehat	1
3734	wonderscould	1
1489	wonderfulview	1
3317	wonderfulhome	1
2427	wonderfulgift	1
2260	wonderfuldate	1
3617	wonderedwould	1
2143	wonderedmade	1
2268	wonderedgoing	1
1226	womanthanked	1
1361	womansucceeded	1
746	wokewell	1
1719	woketime	1
3578	woketerrible	1
1527	wokeroommate	1
4180	wokerang	1
2207	wokelater	1
1036	wokehungry	1
4134	wokehay	1
2949	wokefeeling	1
2648	wokecasserole	1
2901	witnessingfirst	1
1848	withoutsupper	1
2842	withoutpaying	1
2875	withoutflooding	1
3745	withoutchecking	1
2442	withinone	1
1821	witchscurse	1
1612	wishedwould	1
3027	wishedshed	1
2002	wishedpatient	1
4046	winetasted	1
3320	wildnature	1
3820	wildlyburst	1
328	wigfrosted	1
2538	wifetold	1
6	wifekiss	1
3301	wifegot	1
2000	wholeteamed	1
2160	wholeride	1
1016	wholemorning	1
1322	whitecars	1
1245	whalewatch	1
3761	wetend	1
1372	werentwhite	1
4107	weptverdict	1
4034	wenttcu	1
3669	wentsuccessful	1
1883	wentstarted	1
2718	wentsomewhere	1
3883	wentship	1
4002	wentshelter	1
1172	wentrestroom	1
2493	wentrestaurant	1
1449	wentprom	1
830	wentpolice	1
3908	wentoutside	1
3426	wentonline	1
2419	wentmovies	1
98	wentinspect	1
755	wenthockey	1
764	wentgrave	1
968	wentgrandpa	1
1794	wentgood	1
3325	wentgetting	1
130	wentfishing	1
2085	wentfind	1
3737	wentdoctor	1
1244	wentdocks	1
1419	wentdinner	1
779	wentday	1
3850	wentdate	1
588	wentdance	1
1148	wentbought	1
2889	wentbedroom	1
2269	wellwoke	1
323	wellshow	1
1815	wellsang	1
3175	wellrested	1
2571	wellreally	1
1860	wellprogram	1
3849	wellnew	1
3465	wellknown	1
3100	wellbought	1
783	weightstraining	1
2578	weightscrushed	1
966	weightliftingcompetition	1
3675	weekstrying	1
2806	weekstake	1
2778	weeksless	1
3968	weekendasked	1
3764	weddingtime	1
3750	weddingcontinued	1
1784	wearsunscreen	1
3666	wearsglasses	1
995	wearsboa	1
2373	wearingbandana	1
4199	wearheels	1
3075	wearglasses	1
1541	wearcolorful	1
2830	waveknocked	1
3646	watertasted	1
4210	waterskiing	1
1791	waterran	1
637	waterexploded	1
264	waterever	1
2747	watercompany	1
583	waterbottle	1
2252	watchrest	1
3581	watchinstead	1
4156	watchingnew	1
2412	watchingmuch	1
1576	watchingmovie	1
3342	watchgone	1
3370	watcheschiefs	1
458	watchedzebras	1
3705	watchedshow	1
1144	watchedrest	1
4192	watchedgo	1
244	wastedmoney	1
1987	wastedhour	1
4254	wasntsick	1
2371	wasntsaving	1
617	wasntmeant	1
1192	wasntgood	1
2486	wasntable	1
359	washingrestaurants	1
1394	warnedsugar	1
2741	warmingparty	1
3706	wantsurvive	1
3701	wantstablet	1
2786	wantsmeet	1
2618	wantinggrab	1
2048	wantgo	1
1292	wantedthough	1
520	wantedshow	1
547	wantedpretzels	1
837	wantednice	1
757	wantedmeet	1
154	wantedmake	1
2191	wantedlisten	1
3361	wantedgo	1
1126	wantedfinish	1
3131	wantedbrought	1
2385	wantedadjust	1
2461	wantdisappointed	1
3335	wantcome	1
1669	waltonsrelaxed	1
1064	walkwork	1
1870	walktalk	1
2548	walkingshore	1
3972	walkevery	1
3839	walkedtie	1
3133	walkedhit	1
62	walkeddecided	1
36	walkedaway	1
1661	walkdestination	1
1111	walkalong	1
1992	waitinglast	1
3213	waitednew	1
1321	waitedcool	1
1681	waitedanticipation	1
2095	waitedaid	1
1281	vowscareful	1
2625	vowsbetter	1
3702	vowedwould	1
4138	vowedstop	1
2188	vowednever	1
409	vowedkeep	1
3892	vowedget	1
2585	vowedbeat	1
226	vomitedsidewalk	1
2920	visitorchard	1
1082	visitmuseum	1
993	visitfriends	1
1619	visitedgermany	1
4222	villageeducational	1
1838	viewcity	1
3621	videogames	1
2204	videogame	1
3920	verdictread	1
2999	venuesregularly	1
3600	veggiesgrow	1
3760	valuablelesson	1
3327	vacationdestination	1
2170	uswent	1
2387	usingmetal	1
3598	usinglegos	1
325	usice	1
916	usephone	1
2881	uselitter	1
4028	usedtaste	1
3831	usedmoney	1
1058	usedknowledge	1
1184	usedflashlights	1
1869	usedentures	1
612	urgedaunt	1
1178	upsetwoke	1
446	upsetwaiting	1
1734	upsettaken	1
1228	upsetscammed	1
949	upsetmoved	1
3918	upsetlittle	1
1764	upsetlearn	1
2939	upsetfriend	1
3862	upsetfound	1
357	upsetfind	1
4019	upsetfiance	1
3439	upsetcried	1
714	upsetcouldnt	1
1516	upsetboss	1
1968	unsurprisinglypuppy	1
3430	unsafedrivers	1
3084	unpreparedfailed	1
3856	unnervedanthonys	1
3167	unlesslooks	1
1866	unhappilyobliged	1
998	unfortunatelygirl	1
827	understooddentist	1
3442	uncleleft	1
4228	twoweeks	1
2865	twohalf	1
3083	twodays	1
1609	twodads	1
1690	twocategories	1
1348	twobecame	1
2040	twoanoles	1
3940	twentyminutes	1
1617	tvreminds	1
514	turtleclimbed	1
376	turningalarms	1
3161	turnessay	1
3153	turnedstove	1
2139	turnedstory	1
3235	turnedstomach	1
3890	turnedperfectly	1
307	turnedoverhead	1
183	turnedoven	1
3830	turnedgreat	1
1395	turnedessay	1
4055	turkeyburgers	1
2766	tueloved	1
203	tshirtterrible	1
1733	trywork	1
3488	trytwoday	1
2754	trysundae	1
1603	tryrepaired	1
1223	tryoutsbegan	1
2851	trymake	1
385	tryjeans	1
1491	tryingyoga	1
214	tryingwarn	1
2594	tryingtell	1
571	tryingfinally	1
605	trybuffet	1
1763	trunkmade	1
170	truecoward	1
2130	trucksnow	1
2092	triedteam	1
2673	triedsend	1
148	triedround	1
3585	triedquiet	1
1231	triedget	1
3962	triedanyway	1
2781	treewould	1
2715	treestill	1
1418	treesanymore	1
1762	treateddinner	1
1377	travelingmany	1
1384	travelingaround	1
4044	trashbed	1
3574	trainride	1
3470	trainothers	1
1521	trainingroutine	1
3685	trainingfelt	1
800	traineven	1
703	tradedjacket	1
979	tractorreason	1
1831	trackteam	1
3010	trackedmud	1
1970	towelforehead	1
1571	touchnew	1
3485	touchedheart	1
3113	toothfairy	1
2169	tookus	1
826	tooktime	1
3483	tookshorter	1
2178	tookshoes	1
1402	tookshirt	1
3567	tookshelter	1
596	tookseveral	1
1584	tookright	1
2975	tookpictures	1
2572	tookphotos	1
1417	tookpain	1
1445	tooknew	1
322	tooklots	1
766	tooklong	1
624	tookkittens	1
2783	tookhours	1
1947	tookcollection	1
1030	tookbite	1
3723	tookbike	1
2908	tookback	1
1420	tonightget	1
1585	tomsdad	1
3983	toldworry	1
1255	toldwear	1
327	toldwanted	1
4163	toldpursue	1
3000	toldpregnant	1
3786	toldmom	1
2977	toldloved	1
1636	toldlost	1
149	toldlooked	1
3593	toldliked	1
3604	toldlight	1
1807	toldlater	1
3790	toldhed	1
2717	toldgot	1
4114	toldgo	1
1564	toldgive	1
945	toldget	1
489	toldfriends	1
3443	toldfelt	1
686	toldenjoyed	1
2770	tolddone	1
1649	toldcome	1
1012	toldbetter	1
1368	toenailfoot	1
3966	toddlertreats	1
758	todaydecided	1
3393	toastlater	1
2553	tiredwork	1
2934	tiredrove	1
1672	tiredmorning	1
2262	tiredfinished	1
2018	tiredday	1
2624	tiredafterwards	1
997	tinassister	1
273	timsskills	1
1768	timsmarriage	1
2981	timsfamily	1
4122	timewould	1
3718	timewoke	1
3025	timewatches	1
3549	timethings	1
151	timespent	1
119	timeskating	1
4168	timerode	1
3096	timeprom	1
3060	timeparty	1
3415	timemonths	1
1018	timehome	1
1555	timefriends	1
2666	timefound	1
1652	timefiji	1
1137	timecoworkers	1
1247	timecorrect	1
2283	timebabysitting	1
3789	timeamerica	1
2180	tietie	1
3543	tielooked	1
3375	tiaskids	1
2282	thrivedwent	1
2457	thrilledrest	1
1130	threwtrash	1
1922	threwtouchdown	1
3906	threwrocks	1
1959	threwpork	1
1351	threwaway	1
1960	thousanddollars	1
534	thoughtwould	1
233	thoughttasted	1
402	thoughtrude	1
232	thoughtripe	1
1001	thoughtnice	1
15	thoughtmine	1
1314	thoughtmight	1
1498	thoughtmaybe	1
3006	thoughtlessparent	1
1448	thoughtless	1
3700	thoughthardwood	1
1727	thoughtgross	1
632	thoughtgeckos	1
363	thoughtfriends	1
1075	thoughtday	1
3478	thoughtcould	1
3433	thoughtcast	1
3181	thinksurprised	1
3144	thinksstop	1
1635	thinksbronco	1
45	thinkinggetting	1
2870	thingswent	1
191	thingsuncle	1
3261	thingstogether	1
3194	thingsoutside	1
4181	thingshouse	1
3248	thingsback	1
450	thinglearn	1
604	theydeat	1
1487	theydbaby	1
2097	therapyfield	1
1553	therapistmotivational	1
2296	therapistgrows	1
688	therapistcurtly	1
4025	thankswonderful	1
4182	thankspassion	1
2891	thankgrandma	1
1913	thankgod	1
2899	thankfullyrecovered	1
3688	thankfulgift	1
2630	thankedrescuing	1
1497	thankedparents	1
408	thankedmuch	1
2744	thankedmom	1
1522	thankedlady	1
4251	thankedbehind	1
180	thankcard	1
2516	textedback	1
3085	terrifiedsnakes	1
2416	terriblylosing	1
1280	terriblydisappointed	1
77	terriblemigraine	1
3371	terribleeveryone	1
3152	terriblecolor	1
1438	terriblechicken	1
2817	telltheyd	1
3408	tellersalways	1
1781	tellapart	1
2989	technicianremove	1
1017	teasingmakes	1
1824	tearsheld	1
2600	tearsgave	1
1104	teapotniece	1
2154	teamuch	1
4102	teamtitle	1
42	teamtime	1
3768	teamsstands	1
1431	teammatesmade	1
565	teammanaged	1
901	teamjoined	1
2833	teamgame	1
2751	teamedcheered	1
3227	teamcarried	1
3755	teachersentenced	1
253	teacherracist	1
890	teacherlet	1
2713	teacherimpressed	1
3882	teacherhanded	1
1331	teachergave	1
403	teacherfirst	1
245	teachereventually	1
580	teacherdried	1
3863	teacherclass	1
283	teachercaught	1
3665	teachercame	1
986	tcugraduated	1
1483	taymuch	1
2829	taughtbirds	1
1560	tattoogone	1
336	tattooartist	1
3618	tastyvegetables	1
1011	tastyfries	1
2730	tastychicken	1
2229	tastefiltered	1
275	tasteddelicious	1
3712	tastedbad	1
1059	tastedamazing	1
1410	tasteacclimated	1
2443	tapdancing	1
740	tangledline	1
512	talkteacher	1
964	talkmen	1
1655	talkingpeaches	1
1060	talkingbig	1
3115	talkedgirl	1
3557	talkdogs	1
83	takingwalk	1
725	takingtrash	1
1772	takingpizza	1
3867	takingmovie	1
2205	takingcare	1
1986	taketoenail	1
4032	taketest	1
1885	takerest	1
2290	takenegg	1
3434	takendragon	1
1392	takenaway	1
1163	takemedicine	1
1909	takelessons	1
2491	takehusband	1
513	takedog	1
133	takeday	1
4033	takecab	1
3215	taillegs	1
2799	tacoscooked	1
942	tablemail	1
344	systemruined	1
496	sworealways	1
3746	switchbroken	1
1052	swimwatched	1
2253	swimmingreef	1
1031	sweaterschool	1
394	swanslife	1
3603	swampedcake	1
566	swamhour	1
3522	suspendedday	1
1215	survivedheart	1
835	surprisegave	1
4087	surprisedjudges	1
559	surprisedelighted	1
4073	surpriseddelighted	1
2732	surgeryprognosis	1
2895	surgeexcitement	1
3894	surfingquickly	1
3658	surewould	1
2496	surekids	1
3316	sureill	1
3019	supervisorfired	1
1442	sunscreenfuture	1
2487	sundaysnew	1
1252	sunday	1
427	summercamp	1
4007	sullivansmemorable	1
2241	suitcasegave	1
381	suggestedhelp	1
4132	suffocatedweights	1
1145	sufficientsunlight	1
1197	suesdoctors	1
3759	suedwater	1
574	suedemalpractice	1
801	suddenlyunderstood	1
2369	suddenlyrealized	1
1598	successthanks	1
1910	successfultime	1
3870	successfulpig	1
2284	successfuldoctor	1
799	successfulalcoholics	1
324	succeededreversing	1
2574	subscriberrecognized	1
1264	submarinemuseum	1
3697	stupidfun	1
679	stunnedexcitement	1
491	stungmany	1
2502	studymuch	1
1562	studyingpaid	1
393	studybugs	1
392	strugglesgets	1
1918	struggledbasketball	1
3272	stressmuch	1
3015	stressfulfinally	1
1362	strangeroffered	1
1904	strangerfound	1
2549	stovecleaned	1
3142	storyquickly	1
3827	storygot	1
4183	storeswebsite	1
2187	storesundays	1
834	storeplastic	1
3959	storenight	1
243	storelost	1
2722	storefound	1
1136	storebuy	1
1461	storebought	1
2925	stopwatching	1
3495	stoptrying	1
2114	stopstaring	1
875	stopprocrastinating	1
1753	stoppedsmoking	1
470	stoppedrunning	1
1627	stoppedputting	1
862	stoppedplaying	1
4153	stoppedhelp	1
1728	stoppeddinner	1
2303	stoppeddad	1
733	stoppedcoming	1
60	stoodlimped	1
3274	stomachvirus	1
4230	stolethings	1
4110	stillwork	1
44	stillterrible	1
3775	stilltell	1
3877	stillsmelled	1
1558	stillowed	1
3895	stillloves	1
2485	stilllistened	1
26	stillgot	1
4021	stereosystem	1
419	stepsonto	1
3185	stepseasier	1
2513	stepmother	1
444	stealingemployee	1
543	stayingyears	1
732	stayhome	1
1470	stayedcalm	1
3732	stayedbar	1
1044	staycool	1
3378	staybuttons	1
616	startwriting	1
1802	startwork	1
1695	startsworking	1
1902	startswalking	1
1250	startledran	1
3523	startingfeel	1
864	startedthinking	1
507	startedshaving	1
2918	startedsaving	1
1381	startedrun	1
473	startednoticing	1
17	startedmaking	1
2345	startedhome	1
847	startedenjoy	1
1747	starteddriving	1
4060	startedcrying	1
3024	startedcompete	1
1156	startedbleed	1
2749	startblog	1
1630	startbeginning	1
4243	startballet	1
789	starednice	1
2492	staredhours	1
2729	starbucksinstead	1
421	standsfull	1
3662	standingovation	1
4256	stainremover	1
1797	staingone	1
2041	stageoperas	1
1717	squirrelname	1
545	squaredancing	1
2924	sprayedhose	1
1068	sprainedwrist	1
1140	spottedmuseum	1
2050	spotopened	1
4078	spotbecame	1
1194	sportsimportant	1
943	sportpunched	1
3995	spokeate	1
1221	spoiledfish	1
4004	splitmoney	1
1533	splinterslips	1
3780	spittinggum	1
2638	spitchiefs	1
516	spilledstreet	1
1230	spentwhole	1
499	spentturning	1
3376	spectacularmemorable	1
1337	specialpumpkin	1
2796	speakspanish	1
1546	speakerstill	1
3808	speakerable	1
4206	spatserved	1
3607	sparklyfabric	1
893	sparetime	1
331	sparekeys	1
1625	sparekey	1
773	spanishclass	1
3659	sourcelice	1
3608	soontwo	1
2813	soonspending	1
814	soonready	1
730	soonpeople	1
3932	soonhappily	1
505	soonfind	1
2756	songfirst	1
1028	somewherestay	1
201	somewhereeat	1
2508	someplacesmaller	1
3329	someonewalking	1
1932	someonefound	1
19	somebodyfound	1
975	solvedmoney	1
482	soldseveral	1
1237	soldreasonably	1
3637	soldchair	1
3282	soldcar	1
1329	sodadidnt	1
2622	snuckbasement	1
2683	snowstore	1
1340	snowfirst	1
3611	snoopingfired	1
554	snacksdrinks	1
401	smokingcar	1
1854	smilinghelping	1
4018	smileface	1
4170	smileddrooled	1
661	smileddone	1
4248	smellskitchen	1
4039	smellsandalwood	1
3440	smellreminded	1
4109	smallwaterfall	1
3295	smallvenues	1
135	smallgrey	1
3542	smallerkid	1
519	smallereasier	1
2186	slowedcould	1
2311	slippedpaid	1
3216	slightlyless	1
932	slightlyflustered	1
168	slicedperfectly	1
1190	sleptwell	1
4117	sleptmuch	1
2954	sleepwoke	1
387	sleepwatch	1
2917	sleepkitchen	1
1246	sleepfeeling	1
3266	sleepcouch	1
3736	sleddingwhole	1
1711	skinbit	1
485	skillsdress	1
4093	skiingmikes	1
2327	skatingfirst	1
2958	sizessix	1
655	sixmonths	1
2822	sixdollars	1
670	situationmoved	1
2190	sittingbed	1
1988	sistervowed	1
963	sistertrouble	1
2788	sistershouse	1
1513	sisternearby	1
2665	sistermoney	1
1196	sisterloved	1
749	sisterlaw	1
309	sisterinlawuse	1
2595	sisterhome	1
2174	sisterhelped	1
704	sistergrateful	1
3938	sistergave	1
889	sisteranything	1
913	sinkrepaired	1
3939	sincehungry	1
167	simonsparents	1
500	signsaid	1
2363	significantamount	1
3689	sighedkept	1
2655	sigheddidnt	1
1116	sideseats	1
3648	sideroad	1
2263	sickvomited	1
3842	sickleave	1
3936	sicklearned	1
853	shynessdiminishing	1
3833	shufflecards	1
722	showsmovies	1
155	showsloves	1
3568	shownew	1
2089	showgood	1
1894	showcostume	1
4216	shotwildly	1
989	shotcousins	1
3708	shotbullies	1
2568	shortsuncomfortable	1
3089	shortstshirt	1
1637	shortersteps	1
1565	shoreran	1
2670	shopsuccessful	1
1208	shopstore	1
1069	shoplifternews	1
1749	shopfixed	1
2714	shopevery	1
3456	shoestore	1
1353	shoessoon	1
1991	shoesfit	1
3253	shoesbegan	1
2418	shockeddrove	1
1601	shockedclarity	1
1975	shockedcalled	1
1572	shiversstarts	1
1971	shirtruined	1
518	shirtdry	1
4063	shipssank	1
2657	shippassed	1
1731	shelterworker	1
1078	shelterpick	1
3190	sheepishlybrought	1
2382	shedokay	1
3913	shedlistened	1
3149	shavingright	1
1439	shareinformation	1
3943	sharegood	1
2108	shareexpertise	1
2711	sharedprize	1
1382	shapejoined	1
8	shapefinished	1
1218	shamelosing	1
3541	shakenunhurt	1
2308	shadowscurtains	1
2831	shadeothers	1
1262	sexgot	1
3881	sewedrip	1
752	severflu	1
2019	severeconsequences	1
1115	severalweeks	1
718	severalowls	1
2593	severaldollars	1
3218	severaldays	1
280	severalcopies	1
1965	severalcoins	1
811	severalcalled	1
350	severalbooks	1
3081	settlecold	1
1010	setaudition	1
1261	setalarm	1
784	servefood	1
3303	servedspoiled	1
522	seriouslyconsidering	1
3511	seriousaccident	1
4151	sentprepared	1
1855	senthome	1
1658	sentenceddetention	1
987	sentbed	1
441	sendletter	1
2389	selleraccepted	1
3674	sellarrested	1
849	selfsupporting	1
2375	selfpublishingwould	1
4126	seemedreally	1
1476	seemedget	1
4154	seekanother	1
3512	seeingfamily	1
3118	seeingcostumes	1
2398	seeingbaseball	1
2163	seedstoast	1
2380	securenarrow	1
1694	secondopinion	1
3384	secondone	1
1518	secondgot	1
3265	secondbank	1
3252	secludedspot	1
2150	seagullgot	1
61	screamedwhole	1
3039	screamedterror	1
4239	screamedteacher	1
873	screamedran	1
883	scratchingfence	1
567	scrambledback	1
4173	scoredwell	1
1452	scoredpoints	1
1936	scoredgoal	1
3051	scoredfirst	1
765	scoldedseverely	1
1536	schoolnext	1
372	schoolloved	1
4054	schoolgot	1
1182	schoolexhausted	1
1663	schedulesinterview	1
3267	sceneryeventually	1
3765	scarvesspare	1
2996	scaredscreamed	1
1293	scaredlack	1
56	scalerealizes	1
2212	savingrelieved	1
1888	savingeverything	1
716	savevideo	1
4194	savelife	1
3545	savedyear	1
1864	savedswans	1
4081	savedpumpkin	1
2196	savedlot	1
213	savedday	1
2209	savedboy	1
3360	savebaby	1
4202	saulscareer	1
1486	satisfyinginteresting	1
3110	satcontinued	1
1500	sarahsparents	1
1399	santabrought	1
4098	sankmorning	1
855	sandwichfour	1
2746	sandwichesrefrigerator	1
445	salsafull	1
3620	salesmanregretted	1
2370	saidwould	1
1879	saidthought	1
3192	saidgoing	1
687	saiddune	1
4011	saiddidnt	1
1776	saidcouldnt	1
2858	sadmothers	1
1282	sadmoney	1
345	sadlybuilding	1
3297	sadleave	1
969	sadlearned	1
1825	sadkitten	1
2157	sadgo	1
498	sadgirlfriend	1
2801	sadfriends	1
2790	saddate	1
79	sadcannot	1
2334	sadcandidate	1
3431	sadbroke	1
731	sadbirds	1
4195	runsalon	1
2132	runningshoes	1
3233	runningmile	1
2478	runmilk	1
3510	rundog	1
1317	rulesdrove	1
3041	rudysparents	1
351	routerdidnt	1
1478	rounddifficult	1
1327	roomstore	1
1485	roomright	1
3509	roommatesmade	1
1871	roomgrounded	1
2249	roomchecked	1
3238	roombrand	1
1214	ronstree	1
2325	romanticgestures	1
3458	rolledeyes	1
1771	rodedifferent	1
234	rodebike	1
3467	roaredwent	1
2248	roadstopped	1
950	roadrecovery	1
642	ripgot	1
7	rightstreet	1
4147	rightspot	1
2074	rightschedule	1
124	rightpath	1
3727	rightnumber	1
1234	rightmusic	1
633	rightgraduating	1
2690	rightchoice	1
563	ridtrash	1
89	ridingtractor	1
3357	ridesad	1
2129	ridego	1
1647	ricosteacher	1
1929	reviewclown	1
2792	reversingticket	1
1889	reversalpowers	1
2573	revealssurprise	1
1054	returnedstore	1
2930	returnedrestaurant	1
2175	returnedexhausted	1
1735	resultmatch	1
2883	restroomclean	1
1919	restplay	1
3476	restmovie	1
3091	restmoney	1
246	restlives	1
316	restlife	1
1171	restevening	1
3741	restaurantsdishes	1
2997	restaurantmanager	1
726	restaurantgirlfriend	1
73	restaurantcomplained	1
2126	restaurantclosed	1
278	respectswild	1
2024	resortwould	1
3220	resettingrouter	1
1022	requestedmoney	1
65	reportshoplifter	1
3952	reportraised	1
1978	replacepopped	1
1175	replacedstereo	1
1911	repeatvacation	1
1405	repairheater	1
1039	repairedrelationship	1
2611	repairedoutage	1
142	reopenedbusiness	1
380	rentedbicycles	1
3422	removevirus	1
3059	removespider	1
4005	removerstain	1
874	removedspider	1
1552	remindsfather	1
3396	remindedbirds	1
1654	rememberpack	1
453	remembermistake	1
2575	remembergame	1
1873	rememberedsunblock	1
1266	rememberedday	1
4070	rememberedbirthday	1
1049	remarkedtasty	1
433	remainedday	1
255	remainconcentrated	1
440	relievingmedication	1
592	relievedsanta	1
3487	relievedputs	1
2381	relievedget	1
1899	relievedfinally	1
239	reliefaccepted	1
2270	relaxeshome	1
2379	relaxedus	1
3805	relaxedemptyhanded	1
3155	relatedbad	1
754	rejoicedneat	1
1755	reinstatedrivers	1
3379	rehabtherapist	1
1614	regularteam	1
1205	regularlybecame	1
3774	regrettednext	1
2065	regrettednew	1
2873	regrettedcleaned	1
2643	regrettedcad	1
2750	regainedconfidence	1
971	refusedenter	1
878	refundphone	1
917	refrigeratorarrived	1
1187	recoveredfine	1
2220	recommendeddifferent	1
1359	receivedlicense	1
4136	receivedawesome	1
171	recalledgreat	1
3860	reasonablywell	1
2430	reallywell	1
2315	reallyslow	1
1999	reallymade	1
2753	reallyloving	1
2141	reallyliked	1
270	reallyembarrassed	1
3958	reallydisappointed	1
3816	reallydidnt	1
3630	realizeslost	1
2602	realizedremembered	1
396	realizedreally	1
430	realizedprobably	1
1701	realizedneeded	1
2529	realizedmorning	1
936	realizedmixed	1
2151	realizedlicense	1
3492	realizedhot	1
1574	realizedhed	1
2589	realizedgoing	1
665	realizedgarden	1
1517	realizedfriend	1
3372	realizeddog	1
3843	realizedboyfriend	1
2530	realizeconcierges	1
2105	realizebriefcase	1
3230	readsbooks	1
2547	reacttwo	1
3645	reachedsave	1
3626	reachedhowever	1
3605	reachedbowl	1
2340	ravagedwar	1
1610	rathergo	1
2078	ratherbus	1
464	rashdisappears	1
2397	rareplant	1
3305	rarecopies	1
420	rarealbum	1
3277	rappersmusic	1
2983	ranstage	1
1248	ranroom	1
3866	ranrescue	1
2039	ranoutside	1
763	ranmoney	1
1083	ranman	1
700	ranhome	1
67	rangclass	1
3286	ranfood	1
3804	ranbases	1
1181	raisedmath	1
2628	raincleared	1
3355	racingmuch	1
1350	racinggames	1
3838	racecar	1
274	quitmanaged	1
684	quitfound	1
1993	quiteupset	1
2171	quiteamusing	1
1142	quietpossible	1
3778	quieterafterwards	1
96	quicklytried	1
523	quicklyreplaced	1
400	quicklyducked	1
660	quicklycollected	1
3519	quicklycleaned	1
728	questionedseen	1
1024	questionedeveryone	1
3097	puttingpencil	1
3257	putsshoes	1
737	putshoes	1
1561	putnest	1
4215	putlot	1
3480	putletter	1
55	putdog	1
1650	putbutter	1
544	putaside	1
705	pushedfeet	1
653	pushcar	1
3092	pursuedream	1
3026	pursereturned	1
666	purchasenew	1
724	purchasedwine	1
3505	purchasedanother	1
492	purchaseanother	1
1065	puppywanted	1
3990	puppyscratching	1
4241	puppyhit	1
2310	puppyfound	1
2400	punishedlosing	1
2552	punchedface	1
4101	pumpkinseeds	1
2338	pumpkinfinished	1
88	pullingflowers	1
1540	pulledhuge	1
3445	pulleddebt	1
3999	proudstood	1
3647	proudseeing	1
2200	proudowner	1
3452	proudnew	1
654	proudestmoment	1
967	proudeggs	1
2042	proudegg	1
1471	proudcreation	1
1892	proudchildren	1
3	proudcake	1
2489	proudaccomplishment	1
3065	promptlyadopted	1
2153	promotiongood	1
3103	promisedstop	1
1081	promisedgo	1
2030	promisedcareful	1
521	projectsuccessfully	1
34	projectscompleted	1
2504	projectdog	1
418	programcomplete	1
3462	prognosispositive	1
2256	professionalartist	1
1595	productiveday	1
1786	proceededeat	1
1927	probablyright	1
305	prizeequally	1
2533	prizeday	1
3836	prizecaught	1
1240	privatebeach	1
4140	pretendedlike	1
2559	pressedtowel	1
1440	prescribedwouldnt	1
2227	preparedgame	1
2621	preferredsolitude	1
1862	predictablypie	1
1424	prayingleft	1
1336	prayedwould	1
2052	prankcalling	1
3671	practicetime	1
1463	practicedoften	1
2904	practicedevery	1
3298	powercame	1
842	pouredfood	1
2970	pouredate	1
3612	potentialboyfriend	1
1323	postfacebook	1
300	postedhappened	1
3441	possibletest	1
2702	possiblesobbed	1
2124	positiveattitude	1
3074	positiveattention	1
3800	porkchops	1
3063	popsiclesgreat	1
1818	popsiclesfroze	1
640	poppedtire	1
947	poorpuppy	1
3057	pooramazon	1
4113	policemangot	1
1286	policeinvestigation	1
3807	policefiled	1
2651	policecaught	1
40	policebroke	1
2351	policearrest	1
414	polepulled	1
3069	pointsteam	1
2631	pointable	1
3657	pluggedtoaster	1
306	pluggedback	1
1934	pleasestay	1
2102	pleasedsold	1
1805	pleasedraining	1
2276	pleasedmoving	1
1199	pleasedlunch	1
540	pleasedfinished	1
582	pleasedcould	1
2425	pleasedcake	1
78	playsnow	1
538	playlatest	1
23	playkids	1
1980	playingwent	1
1668	playingsports	1
914	playingseeing	1
3950	playinghelp	1
1760	playinggame	1
2134	playingfootball	1
146	playingbest	1
3524	playedsmall	1
443	playedran	1
2148	playedmonopoly	1
3236	playedfrisbee	1
1176	playedbest	1
4111	plasticcover	1
3930	plantssurvive	1
3070	planswalk	1
3411	plansvisit	1
956	plansgo	1
4120	plannedvisit	1
3474	plannedperfect	1
2386	plango	1
2748	planelanded	1
317	placesmirror	1
3031	placefirst	1
781	placeeventually	1
3256	placedtwo	1
1826	placedorder	1
1143	pizzasoon	1
996	pizzago	1
846	pizzaday	1
1099	pitbulls	1
2581	pinksuede	1
3743	pinkcolor	1
793	pinchedhand	1
3310	pillowworks	1
1549	pilgrimsrefused	1
2118	pigfarmer	1
1002	pigeonsran	1
3609	pieflavorful	1
216	piecesmissing	1
3851	picturetaken	1
1659	picnicbringing	1
1320	pickweeds	1
1305	pickkitten	1
2406	pickedseveral	1
3655	pickedpiano	1
578	pickednice	1
641	pickedbouquets	1
2439	pickedbeautiful	1
3219	pickdog	1
3001	pianowent	1
1941	physicaltherapy	1
488	physicalshape	1
1981	photospost	1
2067	phonewhole	1
1593	phonecouch	1
1758	petsfind	1
2355	petersdaughter	1
1341	personallife	1
2009	perkmood	1
320	perfectroad	1
1166	perfectring	1
2084	perfectpickles	1
3066	perfectlyrelaxed	1
1843	perfectlyfirst	1
367	peopleworld	1
2454	peoplewanted	1
1373	peoplesmoking	1
2099	peopleliked	1
3597	peoplegot	1
1114	peopleget	1
649	peoplediscovered	1
4027	peopleafternoon	1
2184	pencilsday	1
3639	pencilcup	1
284	peachice	1
2815	peacefullyslept	1
2353	payticket	1
2047	paypower	1
3240	payingtip	1
3614	payflight	1
2064	paybars	1
1396	pathdiscovered	1
127	passtradition	1
4009	passerbyhelped	1
4186	passedwithout	1
291	passedrescued	1
2537	passedexams	1
4049	passedcrows	1
4244	parttime	1
258	partsmeals	1
1495	participatingcultural	1
3104	parteating	1
3291	parrotturned	1
3417	parrotnamed	1
172	parentstook	1
1119	parentstaking	1
212	parentssaid	1
626	parentsright	1
3040	parentsmade	1
3212	parentsmad	1
1751	parentslearned	1
802	parentshouse	1
494	parentsgave	1
3514	parentsfound	1
879	paperbought	1
2706	paperbats	1
3012	pamsdaughter	1
922	pairwent	1
4089	paintingrain	1
3624	paintingfelt	1
2672	paintingfailed	1
3351	painrelieving	1
1675	paidultimate	1
210	paidpassed	1
4179	paidovertime	1
3525	paidexcited	1
3854	paddlecanoe	1
1383	packwater	1
2898	packchange	1
1441	ownernew	1
3841	ownerdog	1
1342	owlsfly	1
2738	overwhelmedmoney	1
2905	overjoyedwife	1
120	overheadlight	1
1782	overeatpizza	1
1367	oventurned	1
1872	ovationsolo	1
2312	outsidesprayed	1
3857	outsideplay	1
3902	outsidepick	1
416	outsidehouse	1
1369	outrunpolice	1
1446	outragedreturned	1
2583	othersyears	1
3413	othersbox	1
1481	ordersweddings	1
165	orderonline	1
2464	orderedfood	1
1455	orderedanother	1
138	ordercatch	1
153	orchardpay	1
3082	orangeflavored	1
429	optedtake	1
3307	opiniondifferent	1
92	operatefelt	1
334	operascommon	1
1859	opensjar	1
3556	openeddoor	1
3461	openedcould	1
3905	openedbusiness	1
411	ontoscale	1
1453	onlinewatch	1
747	onlineordered	1
2435	onewiser	1
354	oneoffered	1
2922	onenext	1
1265	onemonth	1
1664	onemikes	1
2434	onemade	1
3127	onelobsters	1
2272	onehundred	1
2356	oneextra	1
3580	onebig	1
994	onebest	1
3494	oldrecord	1
158	oldrare	1
2240	oldnavy	1
2034	oldman	1
1229	oldestman	1
2893	olddog	1
2155	oldboot	1
1608	okayanother	1
4040	oftenbecame	1
1006	officeworker	1
48	offerednext	1
1098	offerednew	1
2755	offeredloan	1
1256	offeredhot	1
4233	offeredcoverage	1
1357	offendedtold	1
32	oddestlooking	1
2872	obtainedphysical	1
3963	obtaineddrivers	1
2676	nutsdish	1
541	nursetold	1
1708	numberyelled	1
2258	numberpaintings	1
868	numberhung	1
222	nudehouse	1
412	noticingimprovements	1
2259	noticedembarrassed	1
1750	nothingbad	1
976	normsday	1
698	noodlesdinner	1
3599	nighttogether	1
4258	nightsend	1
675	nightscreamed	1
2194	nightfriends	1
3795	nieceupset	1
2349	niecetouched	1
1339	niecebasket	1
2213	nickysgranddaughter	1
2802	niceweather	1
1557	niceus	1
1579	nicethings	1
3359	nicesun	1
1345	nicemeal	1
3785	nicehouse	1
2652	nicehot	1
2780	niceexperience	1
3086	nicedress	1
701	nicedecorate	1
3183	niceday	1
4059	nextyear	1
1780	nextwould	1
3105	nextweekend	1
1660	nextweek	1
3438	nextsemester	1
3879	nextlevel	1
3158	newvideo	1
3627	newsweater	1
2032	newspot	1
1113	newsocks	1
3047	newsnight	1
597	newsmile	1
3410	newskateboard	1
3893	newshows	1
2699	newsagent	1
2172	newrunning	1
2008	newrestaurant	1
3353	newpuppy	1
2818	newpencils	1
369	newones	1
3217	newone	1
223	newlatte	1
3553	newhobby	1
111	newhigher	1
1606	newglasses	1
217	newdress	1
2580	newcrown	1
1962	newcomputer	1
4197	newcoat	1
3676	newcd	1
645	newcareer	1
1898	newbrand	1
598	newboy	1
1725	newbosses	1
1691	newblanket	1
1000	newbaby	1
188	newasked	1
1338	newappreciation	1
1225	newappeal	1
2928	newaccountant	1
206	neverworry	1
1616	neverthrew	1
3513	nevertalked	1
468	neverstarts	1
810	neverspent	1
176	nevershop	1
3722	neverplay	1
1397	neverovereat	1
4207	neverlistened	1
355	neverlend	1
3173	neverfound	1
4121	neverfall	1
2112	nevereat	1
2413	neverdetermined	1
3098	nevercalled	1
1347	neverbuy	1
2838	neverbeautiful	1
2906	neverate	1
1484	networkcould	1
3579	nestgone	1
3099	nervouscleaners	1
803	nellsmom	1
3878	neighborsput	1
2090	neighborspool	1
676	neighborsmuch	1
2716	neighbormade	1
3164	neighborhooddogs	1
3825	neighborhoodcustomers	1
2682	neighborgave	1
2985	neighborended	1
3984	neighborasked	1
3770	negotiatemothers	1
2915	needyogurt	1
2314	needuse	1
3945	neededwalk	1
4188	neededsugar	1
373	neededpottytrained	1
804	neededmoney	1
4203	neededcareful	1
3844	necklaceproudly	1
451	necklacehome	1
2520	neatthings	1
4006	neardeath	1
257	nearbycafe	1
3610	navytry	1
1508	narrowvictory	1
3428	narrowlyavoided	1
809	napfeeling	1
2809	nameteam	1
1249	mylamemorized	1
3228	mustfemale	1
2855	mustardcame	1
2946	musicxylophone	1
919	mudclean	1
1952	muchwater	1
2769	muchwasted	1
908	muchtv	1
3934	muchtime	1
2049	muchquieter	1
2396	muchpossible	1
1806	muchmove	1
356	muchhealthy	1
4017	muchfun	1
1088	muchfirst	1
2735	muchfinding	1
693	muchdoesnt	1
1101	muchconvenient	1
2956	muchaccepted	1
4057	mrfell	1
3880	mowinglawns	1
861	movingsomeplace	1
3933	movingcompany	1
1977	moviewell	1
2613	moviemuch	1
3791	movedmeet	1
2779	movedlarger	1
2228	movedhollywood	1
909	movedcurfew	1
3822	movechildren	1
1953	mousetrapcatch	1
3116	motherwould	1
3002	mothertook	1
439	mothershelp	1
3900	motherscomments	1
2637	mothersbelongings	1
1651	mothersadvice	1
53	motherpunished	1
72	mothernever	1
819	motherloan	1
2357	mothergrateful	1
2774	mothergot	1
1085	motherfound	1
54	motherexceptionally	1
436	mothercome	1
2004	motherbrought	1
3283	morningdiscovered	1
590	moosecharged	1
310	monthslater	1
1697	monopolytwo	1
407	moneywork	1
3571	moneyusing	1
2617	moneytattoo	1
3535	moneystill	1
549	moneyrefunded	1
2892	moneyproblems	1
961	moneypay	1
3077	moneyobtained	1
3954	moneyneeded	1
3978	moneylater	1
196	moneyhelp	1
2329	moneyhed	1
3141	moneyget	1
2091	moneyfriend	1
3045	moneycould	1
939	moneyconcerns	1
2278	moneyback	1
2798	momwanted	1
179	momtold	1
2524	momthought	1
2816	momslessons	1
1568	momsaid	1
4001	momreceived	1
2866	momquickly	1
12	momnever	1
3053	momleft	1
368	momgreat	1
3101	momgot	1
2237	momgave	1
2731	momfood	1
1344	momeventually	1
1118	momentparent	1
1053	momemergency	1
2698	momcould	1
219	momcongratulated	1
3324	momcame	1
3544	momable	1
3326	modelsmartphone	1
589	mixedmuch	1
1112	misterpink	1
1931	mistakelaugh	1
87	misslot	1
1062	missedface	1
1979	missedconcert	1
2693	missedbus	1
3677	mirrorbathroom	1
4133	minuteslights	1
4066	minutesearlier	1
4139	mineoddest	1
2772	mindbully	1
2294	mincemeatpie	1
3635	milllearned	1
3234	milliondollars	1
1302	milefive	1
1170	mikesfriends	1
57	mikesfavorite	1
821	migraineslessened	1
1538	mightpotential	1
2612	mightfail	1
3819	miceeaten	1
931	meticuloustime	1
912	methodicalusing	1
1726	metbex	1
3641	metanother	1
3491	metaldetector	1
1712	messmaybe	1
1464	messedrecipe	1
2458	menrealize	1
1736	menlike	1
2217	memorizedlines	1
2850	memoriescheckers	1
3418	memorabletime	1
1912	memorablenight	1
2853	memberwork	1
3582	melonthought	1
3572	melanieshouse	1
104	meganscoworker	1
3341	meetshandsome	1
1328	meetmouse	1
4219	meetinggirl	1
1241	meetidol	1
1994	meetgirls	1
852	meetbaby	1
980	medicineprescribed	1
2288	medicinefine	1
4077	mediasites	1
184	mechanictold	1
4042	meatlessparts	1
266	meanwhilefriends	1
1108	meantchild	1
1375	mealinstead	1
2121	maybewouldnt	1
321	maybewasnt	1
1092	maybeseek	1
2759	mattsmom	1
2423	matterenjoyed	1
3171	matterdress	1
3632	mathgrade	1
1224	matchfamily	1
2708	matchblackhawks	1
4190	mastersuite	1
2596	masstransit	1
3670	marriednothing	1
1385	marriedeight	1
2038	marriageproposal	1
2762	manylines	1
509	manydifferent	1
2390	manycustomers	1
2886	manybig	1
2346	manybees	1
934	manwalking	1
1432	manuscriptcelebrated	1
2734	mansdinner	1
3358	mansave	1
118	manquickly	1
2500	manmillion	1
1944	manhelped	1
2947	manhated	1
2193	mangun	1
20	mangrateful	1
2060	manfell	1
2402	maneventually	1
3591	mancould	1
1573	mancaught	1
3036	managingwell	1
3262	managesstress	1
959	managerfired	1
1766	managerapologized	1
3451	managedwave	1
3991	managedsecure	1
2967	managedpass	1
760	managedget	1
1211	managedfind	1
1038	makingfriends	1
2302	makingearn	1
3794	makingbirthday	1
268	makingapple	1
2784	makessalsa	1
681	makesfeel	1
3976	makescarves	1
1618	makenecklaces	1
1900	makemoney	1
2705	makehospital	1
3926	makegrits	1
247	makegood	1
1836	makeflight	1
4191	makebest	1
3757	mailedbook	1
1915	madtiny	1
2146	madshowed	1
1386	madewonderful	1
2890	madeuse	1
2372	madetrack	1
552	madetomatoes	1
1640	madetime	1
2658	madethank	1
4052	maderight	1
156	madereally	1
341	madeparents	1
250	madepainting	1
1548	madenorms	1
109	mademess	1
4031	madelots	1
3044	madelot	1
2063	madelasagna	1
2968	madehouse	1
3450	madehome	1
442	madegood	1
3196	madego	1
362	madefriend	1
970	madefootball	1
1718	madefool	1
3405	madedifficult	1
1125	madedifference	1
1422	madedestination	1
3251	madedelicious	1
1599	madeday	1
1216	madecousin	1
3981	madeconfess	1
3276	madecoffee	1
1779	madeclient	1
2316	madechild	1
3629	madecalm	1
4082	madebrother	1
1632	madebeautiful	1
163	madeback	1
3287	madeappointment	1
4184	madanymore	1
1628	macstie	1
477	lunchtogether	1
2763	lunchmcdonalds	1
3928	lunchfelt	1
614	luckilysaving	1
2527	luckilymother	1
174	luckilydidnt	1
480	lucgreat	1
2820	loyalfriend	1
3179	lovingsummer	1
2244	lovingspanish	1
3188	lovingcouple	1
1202	lovespainting	1
1537	loveshulu	1
1451	lovesgrandma	1
1164	lovesbike	1
2271	lovesbasketball	1
2166	lovesalligators	1
576	lovedwearing	1
3245	lovedthings	1
2006	lovedtacos	1
2100	lovedsweets	1
2219	lovedsweater	1
2234	lovedsmell	1
2037	lovedshopping	1
1043	lovedsalad	1
3395	lovedracing	1
2725	lovedplace	1
1283	lovedpeanut	1
2404	lovedoutdoors	1
1783	lovedone	1
2825	lovedold	1
1333	lovedmovie	1
607	lovedmoms	1
91	lovedkys	1
4160	lovedgoing	1
4129	lovedgoat	1
2584	lovedgaming	1
568	lovedended	1
2365	lovedearrings	1
2173	lovedcraft	1
2218	lovedclean	1
2856	lovedcats	1
2623	lovedcareer	1
1856	lovedboard	1
1014	lovedblueberries	1
1578	lovedbarrys	1
708	lovedanyway	1
1972	lotsubmarine	1
1153	lotstupid	1
3068	lotssnacks	1
1713	lotspictures	1
723	lotspeople	1
508	lotsfriends	1
2428	lotpositive	1
1737	lotmom	1
3619	lotfilm	1
2944	loteffort	1
4084	lotcopyright	1
2534	lostwallet	1
3845	lostspare	1
946	lostsignificant	1
3455	lostmatch	1
1295	lostmany	1
3050	lostlot	1
2015	lostinterest	1
2140	losthome	1
620	lostfriend	1
2797	lostelection	1
3650	lossresults	1
2677	losingmoney	1
825	losingkey	1
775	losingbadly	1
1429	looksmusic	1
517	looksmirror	1
4238	lookscleaner	1
762	looknew	1
353	looknecklace	1
143	lookingpumpkin	1
3865	lookedforward	1
1076	lookeddog	1
1788	lookedclock	1
1186	lookedaround	1
100	lookedamazing	1
2640	lookdisappointment	1
2558	loofriends	1
2465	longtime	1
3871	longtalk	1
2704	longsuccessful	1
2181	longnap	1
2330	longmarathon	1
2546	longerinterested	1
1147	longerbike	1
145	longerafraid	1
1389	longedcompanionship	1
3323	longday	1
4012	longbegan	1
137	lobsterspinched	1
621	loanwaited	1
3444	loansix	1
4071	lizzieschildren	1
3661	livingroom	1
2601	livedlife	1
3684	littlelonger	1
1456	littlekids	1
1729	littleembarrassed	1
1863	littleboat	1
1596	littleball	1
3559	litterbox	1
3837	litcountdown	1
3348	listenmusic	1
1950	listeningliked	1
2165	listeningkids	1
4062	listenedrappers	1
1045	listenedmothers	1
2522	listenedfriends	1
391	listenedenlightened	1
2401	lipsheal	1
1524	linesquickly	1
1937	linesattached	1
474	limpedhome	1
2767	limpedback	1
1067	likework	1
3872	liketrue	1
194	likesmoney	1
1748	likescolor	1
1951	likeschool	1
2927	likescandles	1
347	likeopera	1
2505	likehome	1
3772	likefunerals	1
2501	likefriends	1
2433	likedtrain	1
3095	likedthings	1
4090	likedstep	1
3205	likedsocializing	1
756	likedpizza	1
3922	likedorder	1
3247	likednew	1
841	likedhigh	1
3102	likedfish	1
198	likedbeard	1
2598	likedbanana	1
486	likedapartment	1
3229	liked2nd	1
2807	likebanana	1
1057	lightscame	1
4220	lightmalfunctioning	1
2907	lifesphilosophy	1
709	lifeprison	1
3748	lifehelping	1
4201	lifedidnt	1
2544	liedeating	1
1850	licensewallet	1
717	licenseday	1
3148	licenever	1
2045	lexiupset	1
3601	levelhelp	1
3331	letturn	1
4204	lettertold	1
417	lettersmade	1
2700	letterback	1
3007	letpower	1
1519	lessshy	1
1639	lesspoor	1
3112	lessonweek	1
3368	lessonsget	1
3937	lessonhard	1
405	lessice	1
1607	lesshassle	1
921	lessfabulous	1
2861	lessenedintensity	1
4091	lessbloating	1
929	lendsister	1
197	legsbleeding	1
856	legaldrink	1
663	leftwork	1
1466	leftwithout	1
2854	leftstock	1
3910	leftsoon	1
52	leftseveral	1
319	leftold	1
3812	leftnew	1
1472	leftfelt	1
2990	leftexperience	1
125	leftcircus	1
3419	leftcar	1
3638	leftangry	1
530	leesmom	1
3960	leesarm	1
918	leavewent	1
3463	learnshuffle	1
2633	learnmessed	1
1183	learningexperience	1
3651	learnedvaluable	1
1212	learneduse	1
790	learnedlater	1
528	learnedkeep	1
1138	learnedjump	1
1374	learnedexamine	1
1525	learnedexaggerating	1
1535	learneddidnt	1
2156	leanedkissed	1
2894	layawaybag	1
147	lawnswell	1
1611	lawmake	1
1698	laughuncomfortably	1
1844	laughtertold	1
1847	laughedturned	1
1746	laughedterrible	1
1177	laughedordered	1
2678	laughedlot	1
3738	laughedhunted	1
2945	laugheddoor	1
2540	latteless	1
1756	latestmodel	1
2057	latestgames	1
1765	lateschool	1
4103	latertias	1
189	laterteacher	1
3364	laterstopped	1
3726	laterstarted	1
3503	laterreturned	1
2597	laterpromoted	1
2246	latermeets	1
2232	latermarried	1
4079	laterlife	1
1437	laterfelt	1
3540	laterdied	1
3889	laterday	1
2961	latedue	1
524	lastresort	1
2848	lastminute	1
3953	larrysfavorite	1
2846	largerapartment	1
3377	largeplentiful	1
1013	largecruise	1
3211	largebowl	1
1005	landscapepictures	1
744	landman	1
2376	landedpaying	1
1709	lambertsfull	1
3314	laidchest	1
493	ladyprofusely	1
3421	ladycrying	1
930	lackresponse	1
2203	labbecame	1
3479	kyshair	1
2197	kyrieyelped	1
2498	knowsinhale	1
601	knowproblem	1
2103	knowledgebecome	1
3340	knowill	1
2026	knewspeak	1
4064	knewshovel	1
4086	knewsevere	1
1875	knewnext	1
3128	knewneeded	1
599	knewmeant	1
3993	knewgoing	1
951	knewchoice	1
2450	kneesbegan	1
1808	kittenshome	1
944	kittenill	1
262	kittenadopted	1
342	kiteseagull	1
3919	kitebackyard	1
1356	kitchenfloor	1
1882	kissright	1
1403	kissedwife	1
2133	kissedinviting	1
896	kisscrush	1
3813	killeddeer	1
1638	kidsused	1
1810	kidstole	1
30	kidsscared	1
375	kidspicked	1
24	kidsmade	1
553	kidslaughed	1
1656	kidshate	1
3409	kickedmarines	1
3302	keystwo	1
831	keysback	1
3119	keygood	1
1355	keyentered	1
1921	keptwatching	1
3392	keptwalking	1
3308	keptsandwiches	1
2391	keptgoing	1
1774	keptdrinks	1
1239	keptcrying	1
2514	kenyascreamed	1
1490	kensteam	1
2226	kellysdaughter	1
4193	keepwarm	1
1301	keeptouch	1
1816	keepthoughts	1
2775	keepsaving	1
4231	keeppuppy	1
664	kayliedecided	1
4050	jumprope	1
4022	jumpedstartled	1
2119	jumpedmother	1
3222	juliesfirst	1
4146	judgmentalpeople	1
2503	judgeswell	1
3643	jordynwants	1
3016	jointeam	1
2679	joiningteam	1
3332	joinedleague	1
4166	joinedarmy	1
867	joinband	1
3663	johnsparents	1
463	johnsdog	1
28	joeslips	1
3508	joescomputer	1
338	joaniesmom	1
3005	jimsproudest	1
1080	jillsmother	1
2887	jillsheadache	1
2740	jillsboyfriend	1
3344	jetsurprised	1
90	jennysmom	1
4235	jennasfriends	1
4159	jellylunch	1
4037	jeansanother	1
4225	jealousnew	1
3035	jealousneighbors	1
448	jawdropped	1
2093	jarsmade	1
2455	jarfind	1
3798	jansmom	1
4245	janitorannoyed	1
2840	janetsstudying	1
1707	jamessstarted	1
200	jacksonsfriend	1
3374	jacksfoot	1
2470	jacketshorts	1
1502	iveafraid	1
2995	invitinginside	1
66	invitedfriends	1
348	inventorybooks	1
150	introduceddog	1
2080	interviewgot	1
625	interestedmeeting	1
3527	interestbecame	1
1201	inspirationwent	1
539	inspectdamage	1
2791	insistedmother	1
2686	insidenearby	1
2728	insidemovie	1
2971	insidecar	1
3587	inkybought	1
1167	inhaleincense	1
786	inexperienceair	1
848	incensesmoke	1
4175	inasfamily	1
335	imworried	1
3931	imseriously	1
3043	improvedtime	1
1025	impressedgave	1
3526	importantthing	1
3592	immember	1
2519	immediatelytook	1
432	immediatelystopped	1
905	immediatelygave	1
94	immediatelyfelt	1
3756	immediatelydug	1
4072	immediatelyconfronted	1
1740	immediatelyapplied	1
256	imknow	1
2444	imageissues	1
1528	imafraid	1
823	illnever	1
3449	illget	1
780	illfigure	1
1294	iguanacouch	1
4259	ignoredcruel	1
3552	ideachopping	1
1868	icyfelt	1
1631	icetalking	1
2667	icekept	1
1594	icebox	1
600	icebarbecue	1
3290	husbandwent	1
1969	husbandthought	1
3369	husbandgame	1
776	husbanddecided	1
1738	husbandcalled	1
2843	hurtskin	1
2348	hurtimpact	1
3406	hurthorribly	1
2836	hurtconcert	1
797	hurriedstudy	1
3586	hurriedshore	1
2695	huntedeggs	1
340	hungrymorning	1
2938	hungrierever	1
2897	hungersatiated	1
1073	hundreddollars	1
651	huggedeveryone	1
437	huggedaround	1
2261	hugelook	1
304	hugeflounder	1
628	howeverrepaired	1
93	housewarming	1
2808	housestay	1
2242	housemove	1
4061	housegrateful	1
1150	housefeel	1
4226	houseended	1
777	housealready	1
2884	houseafterwards	1
2951	hourscar	1
1048	hourrain	1
2410	hourlake	1
3318	hourfloor	1
2328	hotwater	1
2463	hotday	1
3562	hotchocolate	1
1358	hosefollowed	1
3306	horsealways	1
1426	horriblydecided	1
4053	hopespillow	1
3528	hopefullyable	1
2531	hopedwould	1
3381	hopedselfpublishing	1
1139	hopednothing	1
1823	honoraryaunt	1
2115	homewrite	1
1409	homewithout	1
564	homeused	1
1457	hometired	1
3028	hometickets	1
4056	homethanked	1
561	hometeams	1
59	hometail	1
2526	hometable	1
2251	homesurprised	1
2953	homesafely	1
3347	homeright	1
3876	homerelaxed	1
251	homepeacefully	1
4149	homenice	1
3064	homemuch	1
4010	homeloved	1
606	homelesspeople	1
1415	homelegs	1
2773	homehappily	1
1459	homefalls	1
1799	homeenjoyed	1
587	homeempty	1
1577	homedecided	1
603	homecried	1
1893	homebusiness	1
3623	holidaygifts	1
2393	holdsfootball	1
745	holdingfurniture	1
1200	hockeygame	1
1688	hitcar	1
3221	hitbrakes	1
1597	hireprofessional	1
3915	hiredmodelling	1
3687	highschool	1
3446	highersalary	1
2804	henrysteammates	1
2243	hendersonscoffee	1
1243	helppets	1
3935	helpmyla	1
1198	helpingothers	1
4247	helpingbeggar	1
4135	helpget	1
3796	helpfield	1
3868	helpeverything	1
2482	helpedrecover	1
86	helpedhelped	1
2481	helpedfind	1
622	helpedcollect	1
3594	helpedbrother	1
469	helpcousin	1
3354	helpcook	1
27	helpco	1
3294	helpabused	1
0	helddrank	1
2964	heelsanymore	1
734	hedsaved	1
1684	hedmade	1
379	hedaccidentally	1
623	heaterfair	1
3207	heartattack	1
4067	hearingmade	1
2910	hearingconversations	1
3299	healproperly	1
3814	headstarbucks	1
2292	headedstore	1
828	headachesimmediately	1
415	hayfield	1
533	hawkflew	1
2354	hauntedhouse	1
4176	hatnext	1
4142	hatemowing	1
4075	hasslethought	1
2029	harryshunger	1
2017	harpoonerwent	1
1365	haroldsfeet	1
2183	hardwoodfloors	1
1217	hardreopened	1
1152	hardmanaged	1
1015	hardestpart	1
312	happilywatched	1
2647	happilyreunited	1
2757	happilykissed	1
2467	happilycontinued	1
2957	happenedsocial	1
1761	happenedgrapes	1
1207	handsomegentleman	1
2125	handsgot	1
160	handednew	1
1161	handedday	1
261	handedcash	1
3653	handcausing	1
1475	hamburgersmade	1
2591	hamburgerjoint	1
3924	halflater	1
615	hadntlistened	1
1657	hadntcome	1
3280	hadntcalled	1
907	gununnerved	1
1427	gunshot	1
2859	guiltycame	1
3416	guessingcorrectly	1
870	growlarge	1
1312	groundedweek	1
1093	groundedfriends	1
2620	groundedfather	1
3782	grocerystores	1
3132	gritsoften	1
2014	greykitten	1
4116	grewsuccessful	1
3742	greetedcalmly	1
169	greatyellow	1
838	greatswimmer	1
2255	greatsquare	1
2685	greatshape	1
1388	greatrelationship	1
3447	greatphysical	1
3121	greatnight	1
4131	greatnew	1
1259	greatmet	1
2627	greatmarriage	1
2795	greatlooking	1
3903	greatlived	1
1897	greatholiday	1
136	greatgrades	1
3038	greatgood	1
2579	greatfriends	1
1334	greateveryone	1
1620	greatestgeneral	1
2557	greatencouragement	1
1268	greatcompanion	1
1914	greatcomfort	1
2127	greatcollege	1
1034	greatcamping	1
2441	gravyface	1
4024	graveancestors	1
3013	gratifyingshare	1
3017	gratefulwifes	1
3554	gratefultook	1
2604	gratefulhelp	1
1877	gratefulgift	1
295	gratefulbrother	1
1534	gratefulbought	1
162	gratefulboss	1
3292	gratefulanyway	1
2322	grandsonthanks	1
237	grandpaflew	1
3979	grandpafinally	1
595	grandmothermade	1
103	grandmagiving	1
2764	grandmaclimbed	1
792	granddaughtersmiled	1
3551	grandchildrenbaked	1
2736	graduallygavins	1
2863	gradetest	1
3891	gradesimproved	1
1157	gradereport	1
4172	grabbelt	1
71	grabbedpole	1
1812	gowhale	1
5	gotwanted	1
330	gottraining	1
4240	gottest	1
3500	gotten70	1
9	gottangled	1
383	gotstung	1
1482	gotstrike	1
4030	gotstanding	1
1132	gotsplinters	1
2142	gotshow	1
1530	gotshoes	1
3386	gotscience	1
3334	gotrun	1
472	gotreplacement	1
1700	gotpromotion	1
1830	gotpart	1
2158	gotparrot	1
467	gotoffended	1
1693	gotnice	1
1998	gotnext	1
4185	gotname	1
1004	gotmovie	1
3731	gotknees	1
2586	gotkids	1
3548	gothorse	1
110	gothired	1
1795	gotgood	1
3829	gotfood	1
2932	gotfired	1
3852	gotfamily	1
2709	gotdue	1
669	gotdollars	1
1723	gotdog	1
2912	gotdivorced	1
3453	gotdifferent	1
1773	gotcozy	1
1232	gotcompletely	1
2046	gotchipmunk	1
1391	gotburns	1
2697	gotbraces	1
1007	gotbigger	1
1257	gotbaby	1
4252	gotaway	1
235	gotangry	1
1507	gotalong	1
1666	gosurf	1
820	gostore	1
1551	goshow	1
1300	gosettle	1
3520	goschool	1
13	gooutside	1
3771	goodvideo	1
787	gooduniversity	1
3815	goodplaying	1
2696	goodplayer	1
3004	goodpets	1
526	goodpeople	1
586	goodnight	1
2982	goodnews	1
3613	goodmoney	1
3916	goodgrade	1
3191	goodgirlfriend	1
3584	gooddone	1
2782	gooddinner	1
144	gooddeal	1
38	goodboots	1
3270	goodbargain	1
579	goodbaking	1
2661	goodanxious	1
712	gonenights	1
3151	goneforever	1
3271	gojapan	1
2963	goingtry	1
454	goinglunch	1
742	goinglong	1
3436	goinglike	1
2027	goinglate	1
2948	goingfriends	1
3887	goingfind	1
2599	gohospital	1
2295	gofirst	1
2239	goesbed	1
1469	godiet	1
1077	gocoffee	1
114	gobuy	1
2987	gobowling	1
2056	goballoon	1
3343	goaway	1
3660	goatmuch	1
2860	goalrunning	1
3373	goalgame	1
1550	glueheld	1
2054	glittersparkly	1
1545	gleamingpleased	1
4000	glassthrew	1
1939	glasseshelped	1
2224	glassesgetting	1
3710	glassesfixed	1
10	glasseseveryday	1
902	givinglifes	1
2605	giveteapot	1
3590	givessick	1
2075	giverest	1
2979	giveanswers	1
991	girlupset	1
426	girlsparty	1
318	girlscored	1
3022	girlrejected	1
1131	girlfriendsomeone	1
2480	girlfriendsex	1
557	girlfriendremembered	1
3885	girlfriendnice	1
3333	girldate	1
1842	girlbecame	1
506	ginasteacher	1
1754	ginasmom	1
1644	ginasgrandmother	1
3481	ginasdad	1
1908	giftshop	1
2128	giftsfriends	1
3497	giftmade	1
1996	giftcard	1
2377	gibbiemade	1
3020	gettrouble	1
3078	gettree	1
495	gettreat	1
4065	gettingsufficient	1
1303	gettingnew	1
276	gettingnervous	1
1267	gettingmoney	1
3400	gettinggreat	1
3683	gettingfixed	1
1622	getthings	1
3030	getshang	1
2341	getsecond	1
550	getsbetter	1
4205	getring	1
121	getright	1
3182	getrid	1
3717	getpizza	1
1233	getpaid	1
3094	getone	1
2674	getmousetrap	1
2405	getmoney	1
2701	getgas	1
1949	getexam	1
3728	geteven	1
1547	getdog	1
3187	getaccepted	1
3328	germsthrew	1
2399	germanylater	1
2384	gentlyfell	1
2222	genostruggles	1
3678	generalever	1
965	geckostotally	1
1510	gavinsarchery	1
1720	gavewife	1
3029	gavetime	1
3090	gavesquirrel	1
2973	gaveright	1
339	gaverefund	1
31	gavephone	1
3473	gavepaper	1
3140	gaveorange	1
2116	gavenew	1
3779	gavemoney	1
204	gavekiss	1
374	gaveidea	1
739	gavegift	1
886	gavefood	1
2266	gavefavorite	1
2636	gaveexam	1
1146	gaveenough	1
39	gavedog	1
2206	gavecompliments	1
497	gavecall	1
720	gavebook	1
3330	gavebar	1
287	gaveassignment	1
3061	gaveantipoison	1
4014	gaveaccepted	1
782	gascar	1
767	gardengetting	1
4124	gamesfriends	1
1084	gamesenjoy	1
2518	gamereceived	1
11	gamenext	1
102	gamelife	1
3912	gameguessing	1
2921	gamegone	1
1134	gamefinished	1
2845	gamebegan	1
260	gamebedtime	1
2368	futurebusinessman	1
3606	furiousbabysitter	1
3859	funtime	1
1865	funresort	1
3484	funparty	1
948	funnight	1
3011	funmade	1
806	fungossiping	1
1587	funfeeding	1
460	fundirty	1
719	funcooking	1
1925	funclimbing	1
4029	funbaseball	1
2576	fulltime	1
265	fullsatisfied	1
1531	fullmeal	1
3423	fullgame	1
1425	fudgesundae	1
4016	frustratedwent	1
3239	frustratedscared	1
3176	frustratedmorning	1
2071	frozecouple	1
785	frostedblonde	1
4137	frontbody	1
229	frillydress	1
2179	frieseat	1
3362	friendtook	1
808	friendsunemployed	1
1529	friendstrying	1
2656	friendstrain	1
106	friendsthought	1
1209	friendstalking	1
2834	friendsstopped	1
3729	friendsstill	1
680	friendssnuck	1
1819	friendssmaller	1
4141	friendsrealized	1
3668	friendsran	1
1413	friendsnoticed	1
476	friendslunch	1
2001	friendsloved	1
3080	friendsignoring	1
457	friendshouse	1
4106	friendshadnt	1
3754	friendsgave	1
1704	friendsfun	1
3695	friendsfound	1
1447	friendsfamily	1
1364	friendsearlier	1
371	friendscovered	1
2007	friendscored	1
1677	friendschoice	1
1404	friendsapp	1
3563	friendprank	1
1037	friendoffered	1
50	friendmade	1
2275	friendloved	1
3254	friendless	1
3961	friendleft	1
2528	friendforgave	1
3296	friendenjoyed	1
3673	friendelated	1
4080	frienddidnt	1
2582	friendcostume	1
577	friendcelebrate	1
2407	friendanymore	1
2712	friendagreed	1
2264	freshair	1
2136	fratproud	1
3909	foursizes	1
1556	fourhours	1
535	fourbites	1
2805	foundwork	1
395	foundwonderful	1
2254	foundtoys	1
3067	foundsuitcase	1
630	foundspare	1
1575	foundsomewhere	1
3773	foundsister	1
1997	foundsign	1
2215	foundshoe	1
1813	foundshadows	1
627	foundsecluded	1
1416	foundseat	1
2362	foundrare	1
3206	foundpurse	1
2350	foundpuppy	1
263	foundphone	1
3811	foundoven	1
877	foundonline	1
2663	foundone	1
1935	foundnew	1
682	foundmade	1
386	foundkeys	1
3628	foundiguana	1
1008	foundhurt	1
3160	foundgreat	1
536	foundgratifying	1
2208	foundfriend	1
3237	foundferret	1
75	foundesized	1
292	foundentire	1
619	foundempty	1
3873	foundegg	1
2644	foundearring	1
3389	founddrink	1
1047	founddivorced	1
218	founddinner	1
2446	founddifferent	1
2277	foundbox	1
221	foundbag	1
3263	foundanother	1
2117	foundangry	1
3886	foughtsleep	1
3640	forwardwearing	1
1741	forwardgreatly	1
2992	forwardgetting	1
900	fortunatelyyoung	1
3496	forgetman	1
1494	forcedoperate	1
128	forcedfire	1
3777	footodor	1
1926	foothurt	1
2012	footballteam	1
181	footballevery	1
953	foodwent	1
904	foodsince	1
1378	foodservice	1
3049	foodruined	1
1917	foodprovided	1
2752	foodnetwork	1
267	foodbowl	1
3518	foodattempt	1
4177	foodarrived	1
1615	fondmemories	1
1796	folksrejoiced	1
1313	foldedbedspread	1
2469	flyaway	1
456	flusteredpushed	1
1678	floorsmade	1
2317	floorgleaming	1
2289	floorblanket	1
384	floatruined	1
2109	flighttime	1
1963	flightparis	1
3137	flewaway	1
2307	flavoredice	1
4145	flattenedjournal	1
413	flashlightsbuild	1
1878	fixpainting	1
584	fixingwindow	1
122	fixedheadaches	1
2293	fixedcomputer	1
1169	fiveweeks	1
481	fiveminutes	1
4045	fivedollars	1
696	fitwell	1
68	fishtaco	1
1835	fishswimming	1
677	fishingnext	1
2358	fishever	1
2555	firstyear	1
2991	firstone	1
3803	firstnight	1
33	firstlegal	1
2149	firstgoal	1
3925	firstgirl	1
2592	firstearthquake	1
1804	firstday	1
314	firstconcert	1
1948	firstaid	1
449	firenice	1
3569	fireemployee	1
1559	firedviolent	1
2567	firedstealing	1
1141	firedemployees	1
4255	finishproject	1
2563	finishmile	1
4237	finishesmaking	1
185	finishedtime	1
3475	finishedproduct	1
3232	finishedmanuscript	1
635	finishedlong	1
1938	finishedhours	1
2411	finishedevery	1
1023	finishedenjoyed	1
3914	finishedcastle	1
288	findtuna	1
4246	findrare	1
1319	findphone	1
1588	findowner	1
3633	findnew	1
3202	findingdog	1
1679	findhome	1
1072	finddriving	1
1515	finddog	1
101	finddifferent	1
659	finddecent	1
1907	findcontroller	1
2743	findbetter	1
2777	findapprenticeship	1
2913	finallywrite	1
2058	finallyturned	1
478	finallysucceeds	1
2451	finallysink	1
2986	finallyrash	1
337	finallypeople	1
2664	finallypeace	1
4099	finallyobtained	1
2885	finallymade	1
3023	finallyfound	1
3390	finallyfirst	1
1149	finallyfinished	1
1400	finallydrum	1
3321	finallychose	1
4094	finallycalmed	1
2326	finallybought	1
2448	finallybegan	1
3917	filteredwater	1
303	filledorder	1
2684	filedreport	1
643	filedpapers	1
973	figureplace	1
2495	figuredwould	1
1433	fightquestioned	1
3034	fieldbad	1
1040	fiancesick	1
389	fencehurt	1
112	femalerabbit	1
2061	feltupset	1
727	feltunsafe	1
1133	feltterribly	1
1135	feltterrible	1
4020	feltsurge	1
1435	feltsick	1
3704	feltshyness	1
2960	feltshame	1
585	feltscared	1
1671	feltrelaxed	1
3154	feltrejuvenated	1
3787	feltprepared	1
1206	feltnice	1
3970	feltinspiration	1
2607	felthurt	1
1071	felthome	1
2896	feltgrown	1
1496	feltgreat	1
2707	feltgot	1
1110	feltgetting	1
2512	feltflustered	1
1107	feltfirst	1
1325	feltdumplings	1
1752	feltdefeated	1
3246	feltdecent	1
3832	feltcould	1
3758	feltconfident	1
2923	feltbeautiful	1
2301	feltbad	1
2137	felltrap	1
962	fellspilled	1
1890	fellscenery	1
63	fellknees	1
2972	felledge	1
2321	felldied	1
346	felicianonice	1
843	feetimmediately	1
548	feethurt	1
3996	feetaway	1
2978	feelwitchs	1
2111	feelsproud	1
3817	feelinglife	1
115	feedinggeese	1
46	fedducks	1
2976	feddog	1
1035	fearright	1
3338	fayesfriend	1
3150	favoritezoo	1
845	favoriteshows	1
1703	favoritemovie	1
3319	favoritefood	1
2969	favoritedish	1
4229	favoritecoffee	1
1583	favoriteactivity	1
2880	fatherwears	1
3781	fatherspent	1
2378	fathersday	1
2926	fatherlaughed	1
602	fathercame	1
3898	fascinateddinosaurs	1
1581	fantastictime	1
80	famouslandscape	1
343	familywet	1
4119	familyspotted	1
490	familyrelieved	1
891	familyproud	1
352	familypretended	1
662	familyopted	1
1946	familyfull	1
2285	familyenjoyed	1
3429	familycounselor	1
3725	familychildren	1
2359	fallsasleep	1
1745	fallasleep	1
1428	fairyleft	1
3339	failedupset	1
3477	failedtest	1
1626	failedproject	1
3558	failedefforts	1
2882	failclass	1
3721	faceyoung	1
613	facemans	1
1019	facebookpages	1
425	fabuloustime	1
3054	eyesfolks	1
1567	extremelyupset	1
2088	extremelybored	1
3869	extrafudge	1
2475	extracredit	1
2517	externaldisk	1
3159	explainedsituation	1
208	explainedgoing	1
3138	explainedbad	1
2564	expertrace	1
81	expertisepeople	1
1318	experiencewent	1
1928	experiencegrocery	1
1315	exitedcafe	1
1473	exercisesatisfying	1
2445	excitementmanaged	1
3537	excitedtook	1
753	excitedserve	1
899	excitedsecond	1
551	excitedpaper	1
3973	excitedfuture	1
2070	excitedfinally	1
1990	excitedbegin	1
3129	exchangedseveral	1
2022	exceptionallyfriendly	1
1676	excellentvacation	1
689	excelledinterview	1
940	examsswimmingly	1
646	examineprejudices	1
1193	exactlywanted	1
3828	everyweek	1
1117	everytime	1
710	everythingexternal	1
2803	everyonestared	1
1363	everyoneschool	1
1210	everyonemade	1
2223	everyonegave	1
2959	everyonedisappointed	1
249	everyonedevastated	1
1188	everyonecried	1
2588	everyonecomplimented	1
3967	everyonebought	1
398	everylevel	1
2721	everyevening	1
1003	eversince	1
4074	evercaught	1
3383	eventuallystarted	1
697	eventuallyran	1
1393	eventuallylet	1
4048	eventuallylanded	1
2994	eventuallydied	1
1958	eventuallycame	1
2525	eventuallybecame	1
2554	eventuallyable	1
277	evenremember	1
3312	evenpopular	1
816	evenneighborhood	1
3293	evenlate	1
2719	eveningwashing	1
3682	eveningturkey	1
3178	evenharder	1
3907	evenfeel	1
2107	evenearlier	1
3165	essaynext	1
2569	esizedshoes	1
699	equallyamong	1
1920	entireneighborhood	1
1662	entireexercise	1
4213	entertainingkids	1
2123	entergift	1
769	enoughbag	1
279	enjoywheel	1
3258	enjoystraveling	1
47	enjoysmells	1
438	enjoymuch	1
4152	enjoyfavorite	1
397	enjoyexperience	1
2164	enjoyedwriting	1
1238	enjoyedweather	1
1811	enjoyedtraveling	1
3573	enjoyedtime	1
3720	enjoyedtaste	1
1179	enjoyedsledding	1
1742	enjoyedsicily	1
2614	enjoyedshow	1
2671	enjoyedriding	1
1592	enjoyedmusic	1
2587	enjoyedmuch	1
2053	enjoyedmovie	1
532	enjoyedmeal	1
3735	enjoyedhunting	1
3432	enjoyedhelp	1
1185	enjoyedexperience	1
2110	enjoyedentertaining	1
3435	enjoyeddelicious	1
3425	enjoyedcabin	1
2692	enjoyedburger	1
360	enjoyedapples	1
2453	engineroared	1
3751	endtears	1
3250	endstory	1
1643	endmatch	1
1311	endingseries	1
859	endedwonderful	1
4125	endedtaking	1
107	endedstaying	1
1242	endedreally	1
4174	endedplaying	1
2814	endedloving	1
3861	endedhospital	1
69	endedgiving	1
888	endeddriving	1
1349	endedbuying	1
926	endedburning	1
1376	emptymoney	1
3087	emptyhaunted	1
3114	emptyhanded	1
435	embarrassedvowed	1
1967	embarrassedran	1
2286	embarrassedkiss	1
406	embarrassedinexperience	1
3046	embarrasseddecided	1
3032	embarrassedcome	1
829	elisparents	1
3427	elderlycustomer	1
3888	eightmonths	1
1903	eggice	1
2082	effortscomplete	1
2603	effortpaper	1
3792	edsparents	1
2429	edsfeet	1
2436	eatsomewhere	1
3014	eatnuts	1
772	eatmeatless	1
1539	eatlobster	1
2318	eatingwent	1
3058	eatingcake	1
2083	eatingburned	1
2438	eathand	1
297	eatensnacks	1
2760	eatdinner	1
2162	eatday	1
865	eatcupcake	1
3072	eatcomputer	1
1509	easierkeep	1
2862	earringsloved	1
447	earnluxuries	1
1692	earlywork	1
1046	earlierusual	1
240	earliernext	1
2068	dungmissed	1
3244	dunebuggies	1
2835	dumplingsgood	1
2477	dugbook	1
1222	duewedding	1
3998	duetime	1
3686	ducksenjoyed	1
2626	duckeddirt	1
3566	drycleaners	1
694	drumset	1
2931	drovetruck	1
3987	droveshaken	1
1493	droveoffice	1
2424	drovehamburger	1
2551	droveaway	1
1800	droppedlottery	1
3799	droppedfour	1
3506	drooledhappily	1
977	drivingwork	1
3654	drivingmuch	1
1326	driversspeed	1
2864	driverimmediately	1
1027	driverdrove	1
4015	drinksmeeting	1
2543	drinkscold	1
1050	drinkbittertasting	1
2668	drinkanymore	1
129	driedtears	1
1041	dressmess	1
794	dressglitter	1
2560	dressedwrongly	1
1168	dresschose	1
2653	drawingturkey	1
4008	drankcups	1
751	dragonsculpture	1
1923	doubleamount	1
1930	doreensmom	1
3459	doorleft	1
332	donteven	1
1861	doneput	1
1624	donemeticulous	1
3911	donegreat	1
3564	doneeating	1
906	dollarsjacket	1
1532	dogworn	1
594	dogwent	1
1682	dogtreats	1
1042	dogsstay	1
2561	dogsoon	1
3120	dogshappily	1
958	dogsgreat	1
4221	dogseemed	1
1304	dogsdigging	1
892	dogscolded	1
3699	dogran	1
3285	dogmedicine	1
2257	doglonged	1
750	doghousefound	1
3130	doghome	1
1366	doggravy	1
3033	dogfound	1
2765	dogfamily	1
1514	dogeggplant	1
41	dogdad	1
238	dogbest	1
3740	doesnteven	1
131	doctortreatment	1
1591	doctortake	1
2723	doctorssave	1
1465	doctorsapprove	1
4038	doctorlast	1
2536	doctorgreeted	1
3899	docksfind	1
2344	dmvdecided	1
1460	djlying	1
3516	dishcook	1
1881	discoveredswitch	1
2824	discoveredsmall	1
3649	discoveredmice	1
1154	discoveredloved	1
3824	disciplinesports	1
459	disappointmentface	1
652	disappointedwerent	1
3724	disappointedrestaurant	1
2422	disappointedmissed	1
1032	disappointedhungrier	1
3974	disappointedgrade	1
4161	disappointedgo	1
636	disappointedgame	1
3664	disappearscompletely	1
3111	dirtypants	1
2185	dirtdung	1
3538	dinnertrying	1
2879	dinnertonight	1
4158	dinnertogether	1
1051	dinnerkitchen	1
915	dinnerfinished	1
1090	dinnerbest	1
3502	diminishingmade	1
1945	digginghole	1
2642	difficulttime	1
2497	difficultbest	1
2159	differentstrap	1
2131	differentstore	1
1696	differentsize	1
2076	differentpieces	1
895	differentinterest	1
3753	differenthospital	1
795	differentcomputers	1
2	differentcareer	1
871	differentanimal	1
1840	differencesstabbed	1
3106	diedhospital	1
2298	diedfire	1
2984	diedbitter	1
193	didntwant	1
302	didntrain	1
4100	didntplane	1
634	didntmind	1
656	didntmake	1
2383	didntknow	1
988	didnteffect	1
3744	didntdrink	1
3385	didntcare	1
1236	devotedlife	1
4043	destinationfuture	1
1160	deskanymore	1
2101	descendedscreamed	1
1778	depressedyear	1
1623	depressedfriends	1
2828	dentistwarned	1
743	dentistchose	1
2472	delightedsuccess	1
2230	delightedfriends	1
2020	delightedchildren	1
2619	deliciouspeach	1
187	deliciousmade	1
3570	deletedsocial	1
575	deerwent	1
2055	deertracks	1
3864	decoratetogether	1
1308	declaredbankruptcy	1
1412	decidesforget	1
695	decidesbecome	1
2789	decidedweird	1
2950	decidedwalk	1
2265	decidedvisit	1
2201	decidedtrain	1
3550	decidedtheyd	1
2532	decidedtalk	1
3855	decidedsplit	1
2821	decidedsleep	1
2869	decidedshed	1
2339	decidedsecond	1
1982	decidedrun	1
573	decidedreturn	1
1851	decidedrepeat	1
2167	decidedreinstate	1
2214	decidedpractice	1
609	decidedpersonal	1
3679	decidedpass	1
1867	decidednext	1
2300	decidedneeded	1
3529	decidedname	1
3124	decidedlook	1
3062	decidedkeep	1
4058	decidedjogging	1
4118	decidedhire	1
1880	decidedhead	1
2819	decidedgive	1
1689	decidedget	1
1297	decidedfind	1
1423	decidedfavorite	1
774	decidedfaithful	1
2936	decideddidnt	1
2511	decideddate	1
95	decidedcook	1
562	decidedcomfort	1
4165	decidedcome	1
2003	decidedclimb	1
51	decidedcare	1
2409	decidedbetter	1
164	decidedask	1
920	deathsure	1
796	dealershiprepair	1
3226	daysold	1
3977	daysjoes	1
1499	dayshock	1
2857	daysailing	1
822	dayrest	1
1109	daypicnic	1
531	daypicked	1
349	dayoffered	1
3052	dayman	1
3107	daylot	1
308	dayhusband	1
2352	daygrandpa	1
3847	dayfour	1
3985	dayfinally	1
1213	daydad	1
25	daycis	1
2933	daybrought	1
2216	daybirthday	1
1284	daughterthankful	1
3875	daughterlearned	1
4092	daughterkept	1
1732	daughterenjoyed	1
3783	daughterbecame	1
1287	datenever	1
1590	dateman	1
3752	datedecided	1
286	darkspooky	1
1370	dandelionsalad	1
610	dancingpartners	1
1743	dancingcontest	1
817	dancelot	1
1352	dadwalked	1
2610	dadsteasing	1
4249	dadsmiled	1
3380	dadplay	1
3749	dadmanaged	1
1954	dadgot	1
3835	dadfathers	1
388	dadcutting	1
4013	dadalways	1
3769	cuttingtree	1
1277	cutsoda	1
2545	customerthanked	1
2688	customerquite	1
3719	curtlysaid	1
1964	cursereversal	1
854	curledlittle	1
3281	curfeweven	1
1155	cupcakeone	1
1346	culturalevent	1
2742	cryingwent	1
2710	cryinghelp	1
227	crushgrades	1
3139	crushedheart	1
2360	crushedchest	1
2659	cruiseship	1
2474	cruelcomments	1
2691	crowdcheered	1
1837	croneloved	1
1984	criedsleep	1
3941	criedfinished	1
4085	criedend	1
3994	creditassignment	1
269	createdmess	1
358	creamsoon	1
4187	crampedholiday	1
1520	craftproject	1
2086	cozyagent	1
546	coybought	1
1792	coworkers	1
2274	coworkerangry	1
428	coverphone	1
207	coveredsnow	1
2876	coverage80	1
2941	cousinssued	1
2632	cousinsback	1
1299	cousinpay	1
2033	cousinmailed	1
301	courtside	1
798	coupleliked	1
1605	couplehours	1
3193	coupledays	1
4108	countriesravaged	1
887	countdownstarted	1
209	counselorhelp	1
2323	couldwalk	1
3733	couldstill	1
3414	couldstay	1
3255	couldskate	1
3956	couldremain	1
3264	couldoutrun	1
1886	couldnttry	1
2210	couldntswim	1
3108	couldntshare	1
1629	couldntput	1
140	couldntget	1
1822	couldntfind	1
2456	couldnteat	1
3680	couldntbuy	1
3846	couldimagined	1
1430	couldhonorary	1
2955	couldhome	1
527	couldget	1
2306	couldfish	1
84	couldfinish	1
178	couldfind	1
885	couldfinally	1
3136	couldeasier	1
1744	couldafford	1
813	couchevening	1
1165	couchalone	1
3412	costumesstage	1
3288	costumekeep	1
788	corndelicious	1
1757	copyrightexperience	1
1896	copsstopped	1
2459	copssell	1
2144	copiesclassic	1
702	coolsummer	1
671	coolcould	1
2998	coolate	1
1845	cooklasagna	1
3602	cookiessoon	1
647	cookieseveryday	1
3242	cookgood	1
683	cookfamily	1
3145	cookedpizza	1
2471	cookedburger	1
1586	cookanother	1
668	conversationsaround	1
1189	convenientbikes	1
4208	continuedtaking	1
3224	continuedswing	1
3315	continuedstudy	1
422	continuedplay	1
2733	continuedpaddle	1
399	continuedenjoy	1
3986	continuedceremony	1
3840	contentseggs	1
2878	contentresult	1
2066	containedold	1
1020	consideringmoving	1
3766	consideredseeing	1
3337	consequencesshoplifting	1
2361	confusedhappened	1
2903	confrontedtattoo	1
1901	confrontedcoworker	1
556	confidentplaying	1
3823	confidencewearing	1
1563	conciergesmistake	1
2247	concertamazing	1
928	computervirus	1
1158	computerliterate	1
3763	computerdesk	1
2641	computerbegan	1
4036	computerarrive	1
2847	complimentedchoice	1
2888	completelysoaked	1
884	completelycooked	1
4083	completedtime	1
1943	completeassignment	1
4051	complainedevening	1
3275	competejoining	1
2145	companyold	1
673	commonfuture	1
285	comingaround	1
2343	comfortcompany	1
839	comepick	1
2654	comenew	1
3189	comehouse	1
2236	comebreak	1
1858	colorpolish	1
3088	colorhated	1
638	colorfulclothing	1
560	colorcar	1
2675	collectpapers	1
2523	collectionhelp	1
2161	collectedthings	1
570	coldwhole	1
242	coldpeanut	1
3583	coldday	1
2832	cointoss	1
2447	coinsbaseball	1
281	coaxtreats	1
2023	coastedside	1
1310	coachtold	1
713	clownonline	1
2168	clothesgot	1
2466	clothesafterwards	1
3454	closedwindow	1
132	clockwasted	1
542	climbeddrove	1
22	climbedback	1
475	climbbig	1
3560	clientdiligence	1
3387	clearedstarted	1
3126	cleanmom	1
3517	cleanfresh	1
99	cleanfloor	1
1895	cleanerswould	1
2841	cleanedkitchen	1
2440	cleanedfilter	1
1253	cleanedbroom	1
3170	cleanedbroken	1
2911	classicbooks	1
2250	classgot	1
3009	classexcited	1
1330	clarityheadphones	1
175	circusright	1
1296	churneddouble	1
1480	chosespecial	1
313	chosemelon	1
2079	chosebright	1
1739	chopstrash	1
2483	choppingtree	1
1026	choicemade	1
3350	choiceclothing	1
2787	chocolateice	1
1503	chipmunkeat	1
3797	childsleep	1
3146	childrennegotiate	1
1371	childrenmaster	1
631	childrenlaughed	1
2645	childrengrateful	1
1462	childrencalled	1
678	childnuggets	1
3231	chiefsgame	1
2669	chiefsfood	1
85	chickennext	1
2535	chestwent	1
1411	cherishedrepaired	1
461	checkingdoghouse	1
3964	checkingbook	1
108	chasedpigeons	1
2952	chasedbeat	1
1276	changedtire	1
791	changedmind	1
1474	changeclothes	1
2662	chair50	1
3709	cerealbreakfast	1
3693	cellphone	1
1543	cdplayer	1
3595	causingscream	1
4257	caughtsuspended	1
1665	caughtsnooping	1
2812	caughtold	1
3547	caughtmouse	1
869	caughtdj	1
1770	caughtcheating	1
1454	caughtburned	1
593	catstree	1
2452	catchmouse	1
2687	catchday	1
3269	castletwo	1
1852	castcool	1
1506	cassiessurprise	1
2031	cassidybecame	1
1974	casseroleburned	1
4164	cashwould	1
1724	cashierunhappily	1
2681	cashierhanded	1
1467	carwent	1
866	carsolved	1
1705	carsleft	1
2577	carrotsfinally	1
3204	carrotsdifferent	1
938	carriedteam	1
1829	carriedhappiness	1
1604	carnivalnext	1
3322	carmoose	1
3203	carhit	1
1096	carfind	1
3588	careveryone	1
2043	carefulswam	1
2304	carefulspitting	1
466	carefulskipped	1
4104	carefulnext	1
3208	carefulfuture	1
378	carefuldriving	1
2225	carefulcalendars	1
3507	careertook	1
4123	caredog	1
2417	carecontinued	1
3071	careable	1
2021	cardriver	1
984	carcool	1
748	carashusband	1
502	cantnext	1
2297	canoeacross	1
4112	cannotunless	1
1220	candidatelost	1
672	cancelplans	1
2036	cameremoved	1
2408	camequickly	1
657	camequestioned	1
3195	camepick	1
3382	cameone	1
483	camehelped	1
4250	camegot	1
3625	cameclean	1
3923	cameapologized	1
2800	calmrelaxed	1
3575	calmlyfelt	1
955	calmedenjoyed	1
4068	calmcried	1
3901	callsick	1
2900	callsback	1
2267	callpeople	1
3313	callhelp	1
1505	calledtold	1
1095	calledshipper	1
2720	calledrestaurant	1
1105	calledplumber	1
504	calledparents	1
1961	callednurse	1
1380	callednumber	1
2565	callednext	1
1235	calledneighbor	1
569	calledfriend	1
3747	calledexterminator	1
3399	calledcops	1
3349	calledchicken	1
3147	calledback	1
741	calledambulance	1
2366	callback	1
923	callambulance	1
1335	calendarsfuture	1
1254	caketurned	1
1408	cakeorders	1
2974	cakenext	1
1814	cakemade	1
2935	cakefelt	1
2403	cafeconfronted	1
611	cafebecame	1
4211	cabgo	1
1009	buysled	1
4162	buyshirts	1
3469	buyset	1
2609	buyracing	1
3401	buyproactiv	1
2962	buypiano	1
1983	buypair	1
1646	buylunch	1
2147	buyinglatest	1
2919	buygift	1
186	buyfood	1
3555	buyconsole	1
933	buyclothes	1
1089	buycell	1
1173	buycar	1
3284	buybooks	1
271	buybicycle	1
1833	butternext	1
3636	butterjelly	1
1686	butterflyvillage	1
2073	butterate	1
3076	butteranyway	1
1667	buswalk	1
423	businessone	1
2507	busarrived	1
1653	burstdoor	1
2051	burnschest	1
3117	burnhurt	1
1891	burnedpiano	1
715	burnedhouse	1
1272	burgerdelicious	1
2072	bumpertrunk	1
3989	bullywalked	1
3397	bullsmake	1
501	bulliesface	1
1103	builttractor	1
1853	buildingsnowman	1
2044	buildfire	1
365	buildboat	1
3896	buggiesallowed	1
3143	broughtsister	1
1730	broughtpromised	1
1512	broughtlots	1
431	broughtice	1
434	broughtgun	1
2616	broughtexactly	1
3079	broughtdealership	1
2521	broughtcake	1
738	broughtbeer	1
2649	brothermuch	1
812	brotherlearn	1
691	brothergive	1
3398	brotherfreaked	1
3534	broncogot	1
1673	brokerules	1
116	brokerelationship	1
3309	brokenglass	1
983	brokekite	1
2138	brokefight	1
1434	brokearm	1
3951	brittanysfather	1
2335	bringingumbrella	1
2273	brightwig	1
2421	brightpink	1
3243	breakice	1
141	breakfastfamily	1
1916	breakargument	1
692	brandnew	1
2106	brandbought	1
2280	brandapples	1
2337	bradleysgreat	1
4	boythankful	1
1933	boyprepared	1
1633	boyfriendtold	1
3711	boyfriendimpressed	1
1685	boyfriendfelt	1
2059	boyfriendcome	1
1973	boyfriendaccepted	1
1613	boyboy	1
910	boxput	1
1702	bowlingoften	1
3311	bowlenjoyed	1
3123	bowlchocolate	1
1956	bowlcereal	1
2182	bowlate	1
236	boughtuniform	1
4223	boughtsneakers	1
2966	boughtshoes	1
2291	boughtsecond	1
2098	boughtnoodles	1
3656	boughtnice	1
123	boughtnew	1
3818	boughtnecklace	1
3715	boughtlunch	1
685	boughtlittle	1
4214	boughtland	1
1444	boughthouse	1
2299	boughtguitar	1
3134	boughtdrone	1
3703	boughtdifferent	1
1492	boughtcarrots	1
618	boughtbulb	1
1021	boughtbright	1
159	boughtboat	1
876	boughtbetter	1
471	boughtalbum	1
1790	bought15	1
2096	bosswork	1
2233	bosstook	1
3884	borrowedmoney	1
2135	borrowedbelt	1
881	bookswants	1
1191	bookstake	1
3853	booksorganized	1
2539	booksearlier	1
3997	bookscontained	1
1887	bookedsecond	1
126	bookdad	1
3018	bookback	1
2392	bonluc	1
1121	bondedkitten	1
4198	bodyimage	1
1100	bodyhurt	1
1269	bodgreat	1
2394	bobsstereo	1
3615	bobcatactually	1
3690	boatwithin	1
978	boatspent	1
294	boardgames	1
1828	boaaround	1
3460	blushedkissed	1
3730	bloomedright	1
4144	blondetips	1
836	bloatingfelt	1
282	bleedtick	1
935	bittercrone	1
3810	bitstunned	1
2462	birthdayvideo	1
3504	birthdaycould	1
3177	birdsspeak	1
465	birdsmade	1
1769	billysbrand	1
818	bikesmass	1
1566	bikeride	1
157	bikeevery	1
648	bigwave	1
1787	bigtrees	1
1159	bigsmile	1
3289	biglake	1
3225	biggestfish	1
872	biggame	1
1687	bigcities	1
2703	bigbowl	1
2195	bigbite	1
2660	bicyclesenjoyed	1
952	bicycleinstead	1
1270	bexwondered	1
1094	bettertreatment	1
2590	bettertime	1
3965	betterthings	1
729	betterthank	1
3404	bettersurgery	1
1398	bettershortly	1
3172	betterromantic	1
3681	betterlong	1
2005	betterfuture	1
924	betterbouquet	1
4076	betterboss	1
2794	betteralgebra	1
452	besttime	1
1129	bestteacher	1
1407	bestgames	1
3499	bestgame	1
3109	bestanyway	1
462	bestability	1
3955	bennysteam	1
1642	beltdad	1
3897	beltback	1
2902	believespit	1
974	believedgood	1
37	behindcounter	1
1091	beginninggreat	1
3498	beginnew	1
4209	beganworking	1
1316	begantrek	1
487	begansweat	1
529	begansprout	1
3546	begansob	1
3834	beganreplace	1
3652	beganpanic	1
231	beganpainting	1
1421	begangetting	1
2490	begancry	1
134	beganboy	1
2874	beganasking	1
3576	beerhome	1
555	bedwithout	1
510	bedstill	1
3530	bedspreadcould	1
1360	bedsmall	1
177	bedroomlaid	1
1127	bedmad	1
2506	bedearly	1
2468	becometherapist	1
3336	becomeslightly	1
3197	becomeprofessional	1
3356	becomeless	1
14	becamewell	1
2426	becamesuccessful	1
778	becamesponsor	1
1924	becameslightly	1
1066	becameself	1
1955	becameregular	1
1406	becameprofessional	1
3536	becameobedient	1
2758	becamenice	1
3521	becamenew	1
3944	becameloving	1
3365	becamefamous	1
1414	becameeven	1
29	becameconfident	1
252	becamecomfortable	1
224	becameavid	1
2810	becameamazing	1
1354	becameaccustomed	1
2198	beautifulwedding	1
3391	beautifulrelaxing	1
2942	beautifulnew	1
2279	beautifuldress	1
1634	beautifulblouse	1
254	beatold	1
3486	beatnext	1
1721	beatgreat	1
1086	beateventually	1
2937	bathrelaxed	1
4189	baskethugged	1
4218	basketballgame	1
2432	basketballasked	1
4003	basesbig	1
2449	basementdoor	1
404	baseballtv	1
3199	barryschoice	1
1273	barrather	1
1174	bargainhunting	1
2081	barelypassed	1
1501	barelymade	1
3642	banktellers	1
4227	bankcould	1
3714	banifascinated	1
1827	bandwent	1
2364	bandscored	1
3533	bandlooks	1
2510	bandclass	1
1056	bananapizza	1
4232	ballslooked	1
1260	balloonride	1
1387	balllit	1
2176	ballfear	1
3198	balkedfoot	1
3279	bakingscones	1
182	bagworked	1
581	bagpay	1
2221	bagempty	1
1621	badsport	1
1905	badreview	1
3241	badinfluence	1
289	badhappened	1
2988	badhangover	1
1122	badgo	1
2013	badexperience	1
315	baddog	1
1670	badbroke	1
2793	backyardnight	1
1526	backworked	1
2415	backwasnt	1
1055	backvisit	1
3278	backstore	1
259	backsoon	1
1275	backschedules	1
2745	backran	1
248	backprize	1
3268	backpocket	1
954	backperfectly	1
3003	backmailbox	1
202	backlake	1
2347	backinside	1
290	backhouse	1
982	backget	1
4035	backfiled	1
2739	backfelt	1
3942	backevery	1
882	backcarnival	1
2726	backbed	1
1714	babysittingfriend	1
1479	babyliked	1
3466	babygently	1
1985	babycalm	1
2727	ayawaited	1
2509	ayathrilled	1
1645	ayabecame	1
1120	awesomeprize	1
2245	awaytwenty	1
1468	awaysmiling	1
211	awayshare	1
2761	awaynight	1
2837	awaymother	1
2556	awayknew	1
2333	awayhome	1
4041	awaygot	1
4196	awaydistance	1
3157	awaycried	1
3848	awardbest	1
1832	avoidedserious	1
1263	avoidedfriends	1
706	avidreader	1
2916	auntmom	1
2287	auntmake	1
4236	audienceslaughter	1
1523	attituderemained	1
2776	attendedceremony	1
1554	attemptfix	1
1401	attemptcalm	1
2827	atetwo	1
1124	ateserving	1
205	atesandwich	1
1285	ateright	1
2993	atepeas	1
3093	atemincemeat	1
4217	atelunch	1
361	atelarge	1
3073	atekept	1
858	atedandelion	1
3561	astronautfelt	1
2914	aspenbegan	1
3304	askingmake	1
3186	askextra	1
3713	askedtechnician	1
3531	askedshelter	1
3971	askedsaid	1
1803	askedremove	1
3424	askedquestion	1
3927	askedplease	1
3691	askedneighbors	1
3403	askedjoin	1
1343	askedhusband	1
2646	askedhelp	1
3037	askedgo	1
857	askedgirl	1
1674	askedcall	1
4097	askedaunt	1
2476	askdoctor	1
1070	asidedifferences	1
3929	arrivedwedding	1
2336	arrivedtime	1
1227	arrivedsisters	1
844	arrivedschool	1
4167	arrivedexcited	1
1151	arrestedrobber	1
2694	arrangesecond	1
1582	aroundperk	1
4127	aroundleft	1
4212	aroundisland	1
511	armstarted	1
4234	arguednew	1
21	archeryskills	1
2324	appreciationoutback	1
3716	appointmentdoctor	1
3904	appliedstain	1
1874	appletree	1
1079	applesbecame	1
3501	applepie	1
2177	apologizedrude	1
2420	apologizedmoved	1
1307	apologizedgave	1
2460	apologizedfriend	1
2202	apartthough	1
3162	anywayim	1
1097	anxiousanymore	1
4178	antipoisondrugs	1
3223	anthonyspraying	1
981	answersneeded	1
1989	anotherstore	1
608	anotherprofession	1
2342	anotherprivate	1
1504	anotherone	1
3921	anothermeal	1
2877	anotherfriend	1
1767	anotherdrink	1
1966	anotherapple	1
1195	anonymousbecame	1
1204	annoyedtracked	1
3021	animalmaking	1
1841	angryvoicemail	1
4200	angrylied	1
2826	angryboss	1
644	angrilyleft	1
761	andyswrist	1
1759	ancestorsburied	1
2635	amysshorts	1
4143	amountbutter	1
937	amongus	1
2077	amazonmturk	1
4088	amazingsoprano	1
572	alwayswear	1
1180	alwayswanted	1
3420	alwayssighed	1
1834	alwaysremember	1
1775	alwaysmade	1
479	alwaysfelt	1
58	alwaysday	1
1569	alsowatching	1
4023	alsogot	1
1061	alsoasked	1
333	alreadysold	1
903	alongreally	1
1798	alongholding	1
1291	aloneroom	1
3056	alligatorsrespects	1
591	allergiesbad	1
3821	alcoholicsanonymous	1
3163	albumlooking	1
311	albumgood	1
3168	alarm15	1
3948	alagame	1
2309	airtravel	1
2437	airconditioner	1
1793	aidcenter	1
4242	aidarrive	1
35	agreedwonderful	1
3949	agreedswap	1
299	agreedname	1
3493	agenttold	1
1087	afterwordsrested	1
736	afterwardswamped	1
2087	afterwardsgot	1
2388	afterwardsate	1
2541	afterwardfriends	1
1542	afternoonfixing	1
2025	afternoonalone	1
1957	afraidwater	1
3184	afraidleave	1
1648	afraidgerms	1
3698	afraidbullied	1
4095	affordair	1
2313	adultlonger	1
4224	adoptingdog	1
2650	adoptedpuppy	1
3166	adoptedlab	1
3346	adopteddog	1
2395	admittedfault	1
1123	admiredbutterfly	1
1942	adjustsurroundings	1
199	addedweights	1
382	actuallygrew	1
1443	actuallygotten	1
1278	actuallyfriend	1
850	actuallybought	1
298	acrossbig	1
2062	achievedgoal	1
1600	acfelt	1
3806	accustomedaway	1
3980	accountantwanted	1
3696	accidentallypulling	1
2768	acceptedwheelchair	1
759	acceptedproud	1
3210	acceptedproposal	1
897	acceptedmade	1
484	acceptedfood	1
1940	acceptedcollege	1
3982	abusedanimals	1
3874	absolutelyloved	1
880	ablewear	1
2849	abletime	1
558	ablerepair	1
113	ablepurchase	1
3209	ablepay	1
1390	ablepack	1
2608	ablekiss	1
707	ablejoin	1
3457	ablehelp	1
4105	ableheal	1
3174	ablegive	1
1203	ablecoax	1
1	ablebuild	1
192	ablebreak	1
455	80less	1
3692	70correct	1
833	2ndsong	1
2634	15shirts	1
3631	15minutes	1
